date,price,currency,airline,stops,duration_min,departure,arrival,origin,destination,scraped_at,source
260313,124.0,EUR,Royal Air Maroc,1,885,2026-03-13T22:20:00,2026-03-14T14:05:00,CMN,MAD,2026-03-13T16:17:40.232595,unified-search
260313,103.0,EUR,Royal Air Maroc,1,1235,2026-03-13T21:55:00,2026-03-14T19:30:00,CMN,MAD,2026-03-13T16:17:40.232595,unified-search
260313,185.0,EUR,Royal Air Maroc,2,680,2026-03-13T22:00:00,2026-03-14T10:20:00,CMN,MAD,2026-03-13T16:17:40.232595,unified-search
260313,193.0,EUR,Royal Air Maroc,2,680,2026-03-13T22:00:00,2026-03-14T10:20:00,CMN,MAD,2026-03-13T16:17:40.232595,unified-search
260313,158.0,EUR,Royal Air Maroc,1,970,2026-03-13T22:00:00,2026-03-14T15:10:00,CMN,MAD,2026-03-13T16:17:40.232595,unified-search
260313,158.0,EUR,Royal Air Maroc,1,1040,2026-03-13T20:50:00,2026-03-14T15:10:00,CMN,MAD,2026-03-13T16:17:40.232595,unified-search
260313,393.99,EUR,Air France,1,815,2026-03-13T18:35:00,2026-03-14T09:10:00,CMN,MAD,2026-03-13T16:17:40.232595,unified-search
260313,289.99,EUR,Air France,1,1650,2026-03-13T18:35:00,2026-03-14T23:05:00,CMN,MAD,2026-03-13T16:17:40.232595,unified-search
260313,442.99,EUR,KLM,2,1230,2026-03-13T18:35:00,2026-03-14T16:05:00,CMN,MAD,2026-03-13T16:17:40.232595,unified-search
260313,290.99,EUR,KLM,2,2320,2026-03-13T18:35:00,2026-03-15T10:15:00,CMN,MAD,2026-03-13T16:17:40.232595,unified-search
260314,151.97,EUR,Iberia,0,105,2026-03-14T12:45:00,2026-03-14T15:30:00,CMN,MAD,2026-03-13T16:17:50.552742,unified-search
260314,146.99,EUR,Royal Air Maroc,0,105,2026-03-14T09:15:00,2026-03-14T12:00:00,CMN,MAD,2026-03-13T16:17:50.552742,unified-search
260314,143.0,EUR,Iberia,0,105,2026-03-14T09:15:00,2026-03-14T12:00:00,CMN,MAD,2026-03-13T16:17:50.552742,unified-search
260314,217.93,EUR,Royal Air Maroc,0,105,2026-03-14T15:20:00,2026-03-14T18:05:00,CMN,MAD,2026-03-13T16:17:50.552742,unified-search
260314,190.27,EUR,Iberia,0,105,2026-03-14T15:20:00,2026-03-14T18:05:00,CMN,MAD,2026-03-13T16:17:50.552742,unified-search
260314,185.0,EUR,Vueling Airlines,0,105,2026-03-14T12:45:00,2026-03-14T15:30:00,CMN,MAD,2026-03-13T16:17:50.552742,unified-search
260314,330.99,EUR,Royal Air Maroc,0,105,2026-03-14T12:45:00,2026-03-14T15:30:00,CMN,MAD,2026-03-13T16:17:50.552742,unified-search
260314,107.0,EUR,TAP Air Portugal,1,400,2026-03-14T15:50:00,2026-03-14T23:30:00,CMN,MAD,2026-03-13T16:17:50.552742,unified-search
260314,107.0,EUR,TAP Air Portugal,1,480,2026-03-14T11:20:00,2026-03-14T20:20:00,CMN,MAD,2026-03-13T16:17:50.552742,unified-search
260314,103.0,EUR,Royal Air Maroc,1,510,2026-03-14T10:00:00,2026-03-14T19:30:00,CMN,MAD,2026-03-13T16:17:50.552742,unified-search
260315,168.11,EUR,Iberia,0,105,2026-03-15T17:55:00,2026-03-15T20:40:00,CMN,MAD,2026-03-13T16:18:00.936272,unified-search
260315,200.0,EUR,Royal Air Maroc,0,105,2026-03-15T09:15:00,2026-03-15T12:00:00,CMN,MAD,2026-03-13T16:18:00.936272,unified-search
260315,188.0,EUR,Iberia,0,105,2026-03-15T09:15:00,2026-03-15T12:00:00,CMN,MAD,2026-03-13T16:18:00.936272,unified-search
260315,185.0,EUR,Vueling Airlines,0,105,2026-03-15T17:55:00,2026-03-15T20:40:00,CMN,MAD,2026-03-13T16:18:00.936272,unified-search
260315,300.0,EUR,Royal Air Maroc,0,105,2026-03-15T15:20:00,2026-03-15T18:05:00,CMN,MAD,2026-03-13T16:18:00.936272,unified-search
260315,293.14,EUR,Iberia,0,105,2026-03-15T12:45:00,2026-03-15T15:30:00,CMN,MAD,2026-03-13T16:18:00.936272,unified-search
260315,310.35,EUR,Royal Air Maroc,0,105,2026-03-15T17:55:00,2026-03-15T20:40:00,CMN,MAD,2026-03-13T16:18:00.936272,unified-search
260315,334.0,EUR,Vueling Airlines,0,105,2026-03-15T12:45:00,2026-03-15T15:30:00,CMN,MAD,2026-03-13T16:18:00.936272,unified-search
260315,494.0,EUR,Royal Air Maroc,0,105,2026-03-15T12:45:00,2026-03-15T15:30:00,CMN,MAD,2026-03-13T16:18:00.936272,unified-search
260315,358.5,EUR,Iberia,0,105,2026-03-15T15:20:00,2026-03-15T18:05:00,CMN,MAD,2026-03-13T16:18:00.936272,unified-search
260316,61.36,EUR,Iberia,0,105,2026-03-16T12:45:00,2026-03-16T15:30:00,CMN,MAD,2026-03-13T16:18:12.709902,unified-search
260316,67.21,EUR,Iberia,0,105,2026-03-16T17:55:00,2026-03-16T20:40:00,CMN,MAD,2026-03-13T16:18:12.709902,unified-search
260316,62.0,EUR,Vueling Airlines,0,105,2026-03-16T12:45:00,2026-03-16T15:30:00,CMN,MAD,2026-03-13T16:18:12.709902,unified-search
260316,147.0,EUR,Royal Air Maroc,0,105,2026-03-16T09:15:00,2026-03-16T12:00:00,CMN,MAD,2026-03-13T16:18:12.709902,unified-search
260316,147.0,EUR,Royal Air Maroc,0,105,2026-03-16T15:20:00,2026-03-16T18:05:00,CMN,MAD,2026-03-13T16:18:12.709902,unified-search
260316,81.0,EUR,Vueling Airlines,0,105,2026-03-16T17:55:00,2026-03-16T20:40:00,CMN,MAD,2026-03-13T16:18:12.709902,unified-search
260316,171.99,EUR,Royal Air Maroc,0,105,2026-03-16T12:45:00,2026-03-16T15:30:00,CMN,MAD,2026-03-13T16:18:12.709902,unified-search
260316,162.0,EUR,Iberia,0,105,2026-03-16T09:15:00,2026-03-16T12:00:00,CMN,MAD,2026-03-13T16:18:12.709902,unified-search
260316,193.99,EUR,Royal Air Maroc,0,105,2026-03-16T17:55:00,2026-03-16T20:40:00,CMN,MAD,2026-03-13T16:18:12.709902,unified-search
260316,143.0,EUR,Iberia,0,105,2026-03-16T15:20:00,2026-03-16T18:05:00,CMN,MAD,2026-03-13T16:18:12.709902,unified-search
260317,52.97,EUR,Air Arabia Maroc,0,105,2026-03-17T17:55:00,2026-03-17T20:40:00,CMN,MAD,2026-03-13T16:18:22.799125,unified-search
260317,147.99,EUR,Royal Air Maroc,0,105,2026-03-17T15:20:00,2026-03-17T18:05:00,CMN,MAD,2026-03-13T16:18:22.799125,unified-search
260317,266.96,EUR,Iberia,0,105,2026-03-17T12:45:00,2026-03-17T15:30:00,CMN,MAD,2026-03-13T16:18:22.799125,unified-search
260317,188.0,EUR,Iberia,0,105,2026-03-17T15:20:00,2026-03-17T18:05:00,CMN,MAD,2026-03-13T16:18:22.799125,unified-search
260317,440.35,EUR,Royal Air Maroc,0,105,2026-03-17T12:45:00,2026-03-17T15:30:00,CMN,MAD,2026-03-13T16:18:22.799125,unified-search
260317,334.0,EUR,Vueling Airlines,0,105,2026-03-17T12:45:00,2026-03-17T15:30:00,CMN,MAD,2026-03-13T16:18:22.799125,unified-search
260317,1542.97,EUR,Qatar Airways,0,105,2026-03-17T12:45:00,2026-03-17T15:30:00,CMN,MAD,2026-03-13T16:18:22.799125,unified-search
260317,213.0,EUR,Royal Air Maroc,1,260,2026-03-17T10:10:00,2026-03-17T15:30:00,CMN,MAD,2026-03-13T16:18:22.799125,unified-search
260317,110.97,EUR,TAP Air Portugal,1,400,2026-03-17T15:50:00,2026-03-17T23:30:00,CMN,MAD,2026-03-13T16:18:22.799125,unified-search
260317,165.0,EUR,Royal Air Maroc,1,285,2026-03-17T15:35:00,2026-03-17T21:20:00,CMN,MAD,2026-03-13T16:18:22.799125,unified-search
260318,78.97,EUR,Iberia,0,105,2026-03-18T12:45:00,2026-03-18T15:30:00,CMN,MAD,2026-03-13T16:18:32.286107,unified-search
260318,94.0,EUR,Royal Air Maroc,0,105,2026-03-18T09:15:00,2026-03-18T12:00:00,CMN,MAD,2026-03-13T16:18:32.286107,unified-search
260318,169.0,EUR,Royal Air Maroc,0,105,2026-03-18T15:20:00,2026-03-18T18:05:00,CMN,MAD,2026-03-13T16:18:32.286107,unified-search
260318,81.0,EUR,Vueling Airlines,0,105,2026-03-18T12:45:00,2026-03-18T15:30:00,CMN,MAD,2026-03-13T16:18:32.286107,unified-search
260318,162.0,EUR,Iberia,0,105,2026-03-18T15:20:00,2026-03-18T18:05:00,CMN,MAD,2026-03-13T16:18:32.286107,unified-search
260318,127.0,EUR,Iberia,0,105,2026-03-18T09:15:00,2026-03-18T12:00:00,CMN,MAD,2026-03-13T16:18:32.286107,unified-search
260318,223.99,EUR,Royal Air Maroc,0,105,2026-03-18T12:45:00,2026-03-18T15:30:00,CMN,MAD,2026-03-13T16:18:32.286107,unified-search
260318,724.97,EUR,Qatar Airways,0,105,2026-03-18T12:45:00,2026-03-18T15:30:00,CMN,MAD,2026-03-13T16:18:32.286107,unified-search
260318,156.8,EUR,Pegasus Airlines,1,635,2026-03-18T00:10:00,2026-03-18T11:45:00,CMN,MAD,2026-03-13T16:18:32.286107,unified-search
260318,106.0,EUR,TAP Air Portugal,1,670,2026-03-18T11:20:00,2026-03-18T23:30:00,CMN,MAD,2026-03-13T16:18:32.286107,unified-search
260319,77.92,EUR,Air Arabia Maroc,0,105,2026-03-19T14:20:00,2026-03-19T17:05:00,CMN,MAD,2026-03-13T16:18:43.647082,unified-search
260319,99.0,EUR,Iberia,0,105,2026-03-19T17:55:00,2026-03-19T20:40:00,CMN,MAD,2026-03-13T16:18:43.647082,unified-search
260319,102.0,EUR,Vueling Airlines,0,105,2026-03-19T17:55:00,2026-03-19T20:40:00,CMN,MAD,2026-03-13T16:18:43.647082,unified-search
260319,197.0,EUR,Royal Air Maroc,0,105,2026-03-19T09:15:00,2026-03-19T12:00:00,CMN,MAD,2026-03-13T16:18:43.647082,unified-search
260319,215.97,EUR,Iberia,0,105,2026-03-19T09:15:00,2026-03-19T12:00:00,CMN,MAD,2026-03-13T16:18:43.647082,unified-search
260319,223.99,EUR,Royal Air Maroc,0,105,2026-03-19T17:55:00,2026-03-19T20:40:00,CMN,MAD,2026-03-13T16:18:43.647082,unified-search
260319,281.0,EUR,Royal Air Maroc,0,105,2026-03-19T15:20:00,2026-03-19T18:05:00,CMN,MAD,2026-03-13T16:18:43.647082,unified-search
260319,442.0,EUR,Royal Air Maroc,0,105,2026-03-19T12:45:00,2026-03-19T15:30:00,CMN,MAD,2026-03-13T16:18:43.647082,unified-search
260319,317.09,EUR,Iberia,0,105,2026-03-19T12:45:00,2026-03-19T15:30:00,CMN,MAD,2026-03-13T16:18:43.647082,unified-search
260319,306.97,EUR,Iberia,0,105,2026-03-19T15:20:00,2026-03-19T18:05:00,CMN,MAD,2026-03-13T16:18:43.647082,unified-search
260320,61.38,EUR,Iberia,0,105,2026-03-20T17:55:00,2026-03-20T20:40:00,CMN,MAD,2026-03-13T16:18:53.828847,unified-search
260320,78.97,EUR,Iberia,0,105,2026-03-20T12:45:00,2026-03-20T15:30:00,CMN,MAD,2026-03-13T16:18:53.828847,unified-search
260320,74.99,EUR,Air Arabia Maroc,0,105,2026-03-20T12:50:00,2026-03-20T15:35:00,CMN,MAD,2026-03-13T16:18:53.828847,unified-search
260320,81.0,EUR,Vueling Airlines,0,105,2026-03-20T17:55:00,2026-03-20T20:40:00,CMN,MAD,2026-03-13T16:18:53.828847,unified-search
260320,147.0,EUR,Royal Air Maroc,0,105,2026-03-20T15:20:00,2026-03-20T18:05:00,CMN,MAD,2026-03-13T16:18:53.828847,unified-search
260320,143.0,EUR,Iberia,0,105,2026-03-20T15:20:00,2026-03-20T18:05:00,CMN,MAD,2026-03-13T16:18:53.828847,unified-search
260320,200.0,EUR,Royal Air Maroc,0,105,2026-03-20T09:15:00,2026-03-20T12:00:00,CMN,MAD,2026-03-13T16:18:53.828847,unified-search
260320,207.0,EUR,Royal Air Maroc,0,105,2026-03-20T12:45:00,2026-03-20T15:30:00,CMN,MAD,2026-03-13T16:18:53.828847,unified-search
260320,193.99,EUR,Royal Air Maroc,0,105,2026-03-20T17:55:00,2026-03-20T20:40:00,CMN,MAD,2026-03-13T16:18:53.828847,unified-search
260320,102.0,EUR,Vueling Airlines,0,105,2026-03-20T12:45:00,2026-03-20T15:30:00,CMN,MAD,2026-03-13T16:18:53.828847,unified-search
260321,99.97,EUR,Iberia,0,105,2026-03-21T12:45:00,2026-03-21T15:30:00,CMN,MAD,2026-03-13T16:19:05.400936,unified-search
260321,146.99,EUR,Royal Air Maroc,0,105,2026-03-21T15:20:00,2026-03-21T18:05:00,CMN,MAD,2026-03-13T16:19:05.400936,unified-search
260321,146.99,EUR,Royal Air Maroc,0,105,2026-03-21T09:15:00,2026-03-21T12:00:00,CMN,MAD,2026-03-13T16:19:05.400936,unified-search
260321,100.0,EUR,Vueling Airlines,0,105,2026-03-21T12:45:00,2026-03-21T15:30:00,CMN,MAD,2026-03-13T16:19:05.400936,unified-search
260321,143.0,EUR,Iberia,0,105,2026-03-21T09:15:00,2026-03-21T12:00:00,CMN,MAD,2026-03-13T16:19:05.400936,unified-search
260321,143.0,EUR,Iberia,0,105,2026-03-21T15:20:00,2026-03-21T18:05:00,CMN,MAD,2026-03-13T16:19:05.400936,unified-search
260321,222.99,EUR,Royal Air Maroc,0,105,2026-03-21T12:45:00,2026-03-21T15:30:00,CMN,MAD,2026-03-13T16:19:05.400936,unified-search
260321,739.97,EUR,Qatar Airways,0,105,2026-03-21T12:45:00,2026-03-21T15:30:00,CMN,MAD,2026-03-13T16:19:05.400936,unified-search
260321,108.97,EUR,TAP Air Portugal,1,400,2026-03-21T15:50:00,2026-03-21T23:30:00,CMN,MAD,2026-03-13T16:19:05.400936,unified-search
260321,108.97,EUR,TAP Air Portugal,1,480,2026-03-21T11:20:00,2026-03-21T20:20:00,CMN,MAD,2026-03-13T16:19:05.400936,unified-search
260322,96.97,EUR,Air Arabia Maroc,0,105,2026-03-22T20:05:00,2026-03-22T21:50:00,CMN,MAD,2026-03-13T16:19:16.543550,unified-search
260322,120.26,EUR,Iberia,0,105,2026-03-22T18:55:00,2026-03-22T20:40:00,CMN,MAD,2026-03-13T16:19:16.543550,unified-search
260322,171.82,EUR,Iberia,0,105,2026-03-22T13:45:00,2026-03-22T15:30:00,CMN,MAD,2026-03-13T16:19:16.543550,unified-search
260322,170.99,EUR,Iberia,0,105,2026-03-22T10:15:00,2026-03-22T12:00:00,CMN,MAD,2026-03-13T16:19:16.543550,unified-search
260322,199.99,EUR,Royal Air Maroc,0,105,2026-03-22T10:15:00,2026-03-22T12:00:00,CMN,MAD,2026-03-13T16:19:16.543550,unified-search
260322,182.0,EUR,Vueling Airlines,0,105,2026-03-22T13:45:00,2026-03-22T15:30:00,CMN,MAD,2026-03-13T16:19:16.543550,unified-search
260322,151.0,EUR,Vueling Airlines,0,105,2026-03-22T18:55:00,2026-03-22T20:40:00,CMN,MAD,2026-03-13T16:19:16.543550,unified-search
260322,332.0,EUR,Royal Air Maroc,0,105,2026-03-22T13:45:00,2026-03-22T15:30:00,CMN,MAD,2026-03-13T16:19:16.543550,unified-search
260322,291.0,EUR,Royal Air Maroc,0,105,2026-03-22T16:20:00,2026-03-22T18:05:00,CMN,MAD,2026-03-13T16:19:16.543550,unified-search
260322,353.97,EUR,Iberia,0,105,2026-03-22T16:20:00,2026-03-22T18:05:00,CMN,MAD,2026-03-13T16:19:16.543550,unified-search
260323,99.0,EUR,Iberia,0,105,2026-03-23T18:55:00,2026-03-23T20:40:00,CMN,MAD,2026-03-13T16:19:26.883428,unified-search
260323,144.99,EUR,Royal Air Maroc,0,105,2026-03-23T16:20:00,2026-03-23T18:05:00,CMN,MAD,2026-03-13T16:19:26.883428,unified-search
260323,253.0,EUR,Royal Air Maroc,0,105,2026-03-23T10:15:00,2026-03-23T12:00:00,CMN,MAD,2026-03-13T16:19:26.883428,unified-search
260323,196.1,EUR,Iberia,0,105,2026-03-23T13:45:00,2026-03-23T15:30:00,CMN,MAD,2026-03-13T16:19:26.883428,unified-search
260323,102.0,EUR,Vueling Airlines,0,105,2026-03-23T18:55:00,2026-03-23T20:40:00,CMN,MAD,2026-03-13T16:19:26.883428,unified-search
260323,265.0,EUR,Iberia,0,105,2026-03-23T10:15:00,2026-03-23T12:00:00,CMN,MAD,2026-03-13T16:19:26.883428,unified-search
260323,218.0,EUR,Vueling Airlines,0,105,2026-03-23T13:45:00,2026-03-23T15:30:00,CMN,MAD,2026-03-13T16:19:26.883428,unified-search
260323,327.62,EUR,Royal Air Maroc,0,105,2026-03-23T13:45:00,2026-03-23T15:30:00,CMN,MAD,2026-03-13T16:19:26.883428,unified-search
260323,166.99,EUR,Iberia,0,105,2026-03-23T16:20:00,2026-03-23T18:05:00,CMN,MAD,2026-03-13T16:19:26.883428,unified-search
260323,223.99,EUR,Royal Air Maroc,0,105,2026-03-23T18:55:00,2026-03-23T20:40:00,CMN,MAD,2026-03-13T16:19:26.883428,unified-search
260324,69.96,EUR,Air Arabia Maroc,0,105,2026-03-24T18:55:00,2026-03-24T20:40:00,CMN,MAD,2026-03-13T16:19:39.062820,unified-search
260324,113.97,EUR,Iberia,0,105,2026-03-24T13:45:00,2026-03-24T15:30:00,CMN,MAD,2026-03-13T16:19:39.062820,unified-search
260324,155.37,EUR,Royal Air Maroc,0,105,2026-03-24T16:20:00,2026-03-24T18:05:00,CMN,MAD,2026-03-13T16:19:39.062820,unified-search
260324,121.0,EUR,Vueling Airlines,0,105,2026-03-24T13:45:00,2026-03-24T15:30:00,CMN,MAD,2026-03-13T16:19:39.062820,unified-search
260324,252.0,EUR,Royal Air Maroc,0,105,2026-03-24T13:45:00,2026-03-24T15:30:00,CMN,MAD,2026-03-13T16:19:39.062820,unified-search
260324,215.97,EUR,Iberia,0,105,2026-03-24T16:20:00,2026-03-24T18:05:00,CMN,MAD,2026-03-13T16:19:39.062820,unified-search
260324,767.97,EUR,Qatar Airways,0,105,2026-03-24T13:45:00,2026-03-24T15:30:00,CMN,MAD,2026-03-13T16:19:39.062820,unified-search
260324,182.0,EUR,Royal Air Maroc,1,260,2026-03-24T11:10:00,2026-03-24T15:30:00,CMN,MAD,2026-03-13T16:19:39.062820,unified-search
260324,151.0,EUR,Royal Air Maroc,1,285,2026-03-24T16:35:00,2026-03-24T21:20:00,CMN,MAD,2026-03-13T16:19:39.062820,unified-search
260324,137.0,EUR,TAP Air Portugal,1,270,2026-03-24T16:50:00,2026-03-24T21:20:00,CMN,MAD,2026-03-13T16:19:39.062820,unified-search
260325,113.97,EUR,Iberia,0,105,2026-03-25T13:45:00,2026-03-25T15:30:00,CMN,MAD,2026-03-13T16:19:48.671142,unified-search
260325,152.0,EUR,Royal Air Maroc,0,105,2026-03-25T16:20:00,2026-03-25T18:05:00,CMN,MAD,2026-03-13T16:19:48.671142,unified-search
260325,124.0,EUR,Vueling Airlines,0,105,2026-03-25T13:45:00,2026-03-25T15:30:00,CMN,MAD,2026-03-13T16:19:48.671142,unified-search
260325,253.0,EUR,Royal Air Maroc,0,105,2026-03-25T10:15:00,2026-03-25T12:00:00,CMN,MAD,2026-03-13T16:19:48.671142,unified-search
260325,257.97,EUR,Iberia,0,105,2026-03-25T10:15:00,2026-03-25T12:00:00,CMN,MAD,2026-03-13T16:19:48.671142,unified-search
260325,252.0,EUR,Royal Air Maroc,0,105,2026-03-25T13:45:00,2026-03-25T15:30:00,CMN,MAD,2026-03-13T16:19:48.671142,unified-search
260325,215.97,EUR,Iberia,0,105,2026-03-25T16:20:00,2026-03-25T18:05:00,CMN,MAD,2026-03-13T16:19:48.671142,unified-search
260325,768.97,EUR,Qatar Airways,0,105,2026-03-25T13:45:00,2026-03-25T15:30:00,CMN,MAD,2026-03-13T16:19:48.671142,unified-search
260325,125.0,EUR,Royal Air Maroc,2,520,2026-03-25T16:25:00,2026-03-26T01:05:00,CMN,MAD,2026-03-13T16:19:48.671142,unified-search
260325,128.0,EUR,Royal Air Maroc,2,520,2026-03-25T16:25:00,2026-03-26T01:05:00,CMN,MAD,2026-03-13T16:19:48.671142,unified-search
260326,69.26,EUR,Air Arabia Maroc,0,105,2026-03-26T15:05:00,2026-03-26T16:50:00,CMN,MAD,2026-03-13T16:19:58.116464,unified-search
260326,197.99,EUR,Royal Air Maroc,0,105,2026-03-26T10:15:00,2026-03-26T12:00:00,CMN,MAD,2026-03-13T16:19:58.116464,unified-search
260326,188.0,EUR,Iberia,0,105,2026-03-26T10:15:00,2026-03-26T12:00:00,CMN,MAD,2026-03-13T16:19:58.116464,unified-search
260326,252.0,EUR,Royal Air Maroc,0,105,2026-03-26T16:20:00,2026-03-26T18:05:00,CMN,MAD,2026-03-13T16:19:58.116464,unified-search
260326,266.18,EUR,Iberia,0,105,2026-03-26T16:20:00,2026-03-26T18:05:00,CMN,MAD,2026-03-13T16:19:58.116464,unified-search
260326,385.27,EUR,Iberia,0,105,2026-03-26T18:55:00,2026-03-26T20:40:00,CMN,MAD,2026-03-13T16:19:58.116464,unified-search
260326,108.97,EUR,TAP Air Portugal,1,400,2026-03-26T16:50:00,2026-03-26T23:30:00,CMN,MAD,2026-03-13T16:19:58.116464,unified-search
260326,359.0,EUR,Royal Air Maroc,0,105,2026-03-26T13:45:00,2026-03-26T15:30:00,CMN,MAD,2026-03-13T16:19:58.116464,unified-search
260326,290.18,EUR,Iberia,0,105,2026-03-26T13:45:00,2026-03-26T15:30:00,CMN,MAD,2026-03-13T16:19:58.116464,unified-search
260326,781.0,EUR,Royal Air Maroc,0,105,2026-03-26T18:55:00,2026-03-26T20:40:00,CMN,MAD,2026-03-13T16:19:58.116464,unified-search
260327,78.97,EUR,Iberia,0,105,2026-03-27T18:55:00,2026-03-27T20:40:00,CMN,MAD,2026-03-13T16:20:09.284273,unified-search
260327,113.79,EUR,Air Arabia Maroc,0,105,2026-03-27T13:50:00,2026-03-27T15:35:00,CMN,MAD,2026-03-13T16:20:09.284273,unified-search
260327,81.0,EUR,Vueling Airlines,0,105,2026-03-27T18:55:00,2026-03-27T20:40:00,CMN,MAD,2026-03-13T16:20:09.284273,unified-search
260327,195.99,EUR,Royal Air Maroc,0,105,2026-03-27T10:15:00,2026-03-27T12:00:00,CMN,MAD,2026-03-13T16:20:09.284273,unified-search
260327,165.99,EUR,Royal Air Maroc,0,105,2026-03-27T16:20:00,2026-03-27T18:05:00,CMN,MAD,2026-03-13T16:20:09.284273,unified-search
260327,192.99,EUR,Iberia,0,105,2026-03-27T10:15:00,2026-03-27T12:00:00,CMN,MAD,2026-03-13T16:20:09.284273,unified-search
260327,181.97,EUR,Iberia,0,105,2026-03-27T13:45:00,2026-03-27T15:30:00,CMN,MAD,2026-03-13T16:20:09.284273,unified-search
260327,160.97,EUR,Iberia,0,105,2026-03-27T16:20:00,2026-03-27T18:05:00,CMN,MAD,2026-03-13T16:20:09.284273,unified-search
260327,332.0,EUR,Royal Air Maroc,0,105,2026-03-27T13:45:00,2026-03-27T15:30:00,CMN,MAD,2026-03-13T16:20:09.284273,unified-search
260327,191.99,EUR,Royal Air Maroc,0,105,2026-03-27T18:55:00,2026-03-27T20:40:00,CMN,MAD,2026-03-13T16:20:09.284273,unified-search
260328,93.99,EUR,Royal Air Maroc,0,105,2026-03-28T10:15:00,2026-03-28T12:00:00,CMN,MAD,2026-03-13T16:20:18.968198,unified-search
260328,115.99,EUR,Royal Air Maroc,0,105,2026-03-28T16:20:00,2026-03-28T18:05:00,CMN,MAD,2026-03-13T16:20:18.968198,unified-search
260328,121.97,EUR,Iberia,0,105,2026-03-28T16:20:00,2026-03-28T18:05:00,CMN,MAD,2026-03-13T16:20:18.968198,unified-search
260328,121.97,EUR,Iberia,0,105,2026-03-28T10:15:00,2026-03-28T12:00:00,CMN,MAD,2026-03-13T16:20:18.968198,unified-search
260328,176.27,EUR,Iberia,0,105,2026-03-28T13:45:00,2026-03-28T15:30:00,CMN,MAD,2026-03-13T16:20:18.968198,unified-search
260328,185.0,EUR,Vueling Airlines,0,105,2026-03-28T13:45:00,2026-03-28T15:30:00,CMN,MAD,2026-03-13T16:20:18.968198,unified-search
260328,313.0,EUR,Royal Air Maroc,0,105,2026-03-28T13:45:00,2026-03-28T15:30:00,CMN,MAD,2026-03-13T16:20:18.968198,unified-search
260328,974.97,EUR,Qatar Airways,0,105,2026-03-28T13:45:00,2026-03-28T15:30:00,CMN,MAD,2026-03-13T16:20:18.968198,unified-search
260328,108.97,EUR,TAP Air Portugal,1,400,2026-03-28T16:50:00,2026-03-28T23:30:00,CMN,MAD,2026-03-13T16:20:18.968198,unified-search
260328,108.97,EUR,TAP Air Portugal,1,480,2026-03-28T12:20:00,2026-03-28T20:20:00,CMN,MAD,2026-03-13T16:20:18.968198,unified-search
260329,98.24,EUR,Iberia,0,105,2026-03-29T17:55:00,2026-03-29T20:40:00,CMN,MAD,2026-03-13T16:20:30.491154,unified-search
260329,127.24,EUR,Iberia,0,110,2026-03-29T12:30:00,2026-03-29T15:20:00,CMN,MAD,2026-03-13T16:20:30.491154,unified-search
260329,100.0,EUR,Vueling Airlines,0,105,2026-03-29T17:55:00,2026-03-29T20:40:00,CMN,MAD,2026-03-13T16:20:30.491154,unified-search
260329,199.0,EUR,Royal Air Maroc,0,105,2026-03-29T09:50:00,2026-03-29T12:35:00,CMN,MAD,2026-03-13T16:20:30.491154,unified-search
260329,151.0,EUR,Vueling Airlines,0,110,2026-03-29T12:30:00,2026-03-29T15:20:00,CMN,MAD,2026-03-13T16:20:30.491154,unified-search
260329,184.97,EUR,Iberia,0,105,2026-03-29T09:50:00,2026-03-29T12:35:00,CMN,MAD,2026-03-13T16:20:30.491154,unified-search
260329,282.42,EUR,Royal Air Maroc,0,110,2026-03-29T12:30:00,2026-03-29T15:20:00,CMN,MAD,2026-03-13T16:20:30.491154,unified-search
260329,222.99,EUR,Royal Air Maroc,0,105,2026-03-29T17:55:00,2026-03-29T20:40:00,CMN,MAD,2026-03-13T16:20:30.491154,unified-search
260329,280.0,EUR,Royal Air Maroc,0,105,2026-03-29T16:25:00,2026-03-29T19:10:00,CMN,MAD,2026-03-13T16:20:30.491154,unified-search
260329,305.97,EUR,Iberia,0,105,2026-03-29T16:25:00,2026-03-29T19:10:00,CMN,MAD,2026-03-13T16:20:30.491154,unified-search
260330,55.56,EUR,Iberia,0,105,2026-03-30T17:55:00,2026-03-30T20:40:00,CMN,MAD,2026-03-13T16:20:42.733825,unified-search
260330,93.99,EUR,Royal Air Maroc,0,105,2026-03-30T09:50:00,2026-03-30T12:35:00,CMN,MAD,2026-03-13T16:20:42.733825,unified-search
260330,92.97,EUR,Iberia,0,110,2026-03-30T12:30:00,2026-03-30T15:20:00,CMN,MAD,2026-03-13T16:20:42.733825,unified-search
260330,93.99,EUR,Royal Air Maroc,0,105,2026-03-30T16:25:00,2026-03-30T19:10:00,CMN,MAD,2026-03-13T16:20:42.733825,unified-search
260330,61.0,EUR,Vueling Airlines,0,105,2026-03-30T17:55:00,2026-03-30T20:40:00,CMN,MAD,2026-03-13T16:20:42.733825,unified-search
260330,100.0,EUR,Vueling Airlines,0,110,2026-03-30T12:30:00,2026-03-30T15:20:00,CMN,MAD,2026-03-13T16:20:42.733825,unified-search
260330,120.97,EUR,Iberia,0,105,2026-03-30T09:50:00,2026-03-30T12:35:00,CMN,MAD,2026-03-13T16:20:42.733825,unified-search
260330,224.99,EUR,Royal Air Maroc,0,110,2026-03-30T12:30:00,2026-03-30T15:20:00,CMN,MAD,2026-03-13T16:20:42.733825,unified-search
260330,120.97,EUR,Iberia,0,105,2026-03-30T16:25:00,2026-03-30T19:10:00,CMN,MAD,2026-03-13T16:20:42.733825,unified-search
260330,173.0,EUR,Royal Air Maroc,0,105,2026-03-30T17:55:00,2026-03-30T20:40:00,CMN,MAD,2026-03-13T16:20:42.733825,unified-search
260331,56.97,EUR,Air Arabia Maroc,0,100,2026-03-31T18:45:00,2026-03-31T21:25:00,CMN,MAD,2026-03-13T16:20:57.541106,unified-search
260331,93.99,EUR,Royal Air Maroc,0,105,2026-03-31T09:50:00,2026-03-31T12:35:00,CMN,MAD,2026-03-13T16:20:57.541106,unified-search
260331,116.99,EUR,Royal Air Maroc,0,105,2026-03-31T16:25:00,2026-03-31T19:10:00,CMN,MAD,2026-03-13T16:20:57.541106,unified-search
260331,120.97,EUR,Iberia,0,105,2026-03-31T09:50:00,2026-03-31T12:35:00,CMN,MAD,2026-03-13T16:20:57.541106,unified-search
260331,120.97,EUR,Iberia,0,105,2026-03-31T16:25:00,2026-03-31T19:10:00,CMN,MAD,2026-03-13T16:20:57.541106,unified-search
260331,310.97,EUR,Iberia,0,110,2026-03-31T12:30:00,2026-03-31T15:20:00,CMN,MAD,2026-03-13T16:20:57.541106,unified-search
260331,442.0,EUR,Royal Air Maroc,0,110,2026-03-31T12:30:00,2026-03-31T15:20:00,CMN,MAD,2026-03-13T16:20:57.541106,unified-search
260331,334.0,EUR,Vueling Airlines,0,110,2026-03-31T12:30:00,2026-03-31T15:20:00,CMN,MAD,2026-03-13T16:20:57.541106,unified-search
260331,1729.97,EUR,Qatar Airways,0,110,2026-03-31T12:30:00,2026-03-31T15:20:00,CMN,MAD,2026-03-13T16:20:57.541106,unified-search
260331,137.86,EUR,Air Arabia Maroc,1,265,2026-03-31T14:40:00,2026-03-31T20:05:00,CMN,MAD,2026-03-13T16:20:57.541106,unified-search
260401,50.0,EUR,Air Arabia Maroc,0,100,2026-04-01T15:05:00,2026-04-01T17:45:00,CMN,MAD,2026-03-13T16:21:06.502917,unified-search
260401,116.0,EUR,Royal Air Maroc,0,105,2026-04-01T09:50:00,2026-04-01T12:35:00,CMN,MAD,2026-03-13T16:21:06.502917,unified-search
260401,142.97,EUR,Iberia,0,105,2026-04-01T17:55:00,2026-04-01T20:40:00,CMN,MAD,2026-03-13T16:21:06.502917,unified-search
260401,162.0,EUR,Iberia,0,105,2026-04-01T09:50:00,2026-04-01T12:35:00,CMN,MAD,2026-03-13T16:21:06.502917,unified-search
260401,187.27,EUR,Iberia,0,110,2026-04-01T12:30:00,2026-04-01T15:20:00,CMN,MAD,2026-03-13T16:21:06.502917,unified-search
260401,154.0,EUR,Vueling Airlines,0,105,2026-04-01T17:55:00,2026-04-01T20:40:00,CMN,MAD,2026-03-13T16:21:06.502917,unified-search
260401,340.0,EUR,Royal Air Maroc,0,110,2026-04-01T12:30:00,2026-04-01T15:20:00,CMN,MAD,2026-03-13T16:21:06.502917,unified-search
260401,283.0,EUR,Royal Air Maroc,0,105,2026-04-01T17:55:00,2026-04-01T20:40:00,CMN,MAD,2026-03-13T16:21:06.502917,unified-search
260401,290.0,EUR,Royal Air Maroc,0,105,2026-04-01T16:25:00,2026-04-01T19:10:00,CMN,MAD,2026-03-13T16:21:06.502917,unified-search
260401,254.0,EUR,Vueling Airlines,0,110,2026-04-01T12:30:00,2026-04-01T15:20:00,CMN,MAD,2026-03-13T16:21:06.502917,unified-search
260402,71.97,EUR,Air Arabia Maroc,0,100,2026-04-02T13:10:00,2026-04-02T15:50:00,CMN,MAD,2026-03-13T16:21:15.146298,unified-search
260402,145.99,EUR,Royal Air Maroc,0,105,2026-04-02T16:25:00,2026-04-02T19:10:00,CMN,MAD,2026-03-13T16:21:15.146298,unified-search
260402,98.97,EUR,Iberia,0,110,2026-04-02T12:30:00,2026-04-02T15:20:00,CMN,MAD,2026-03-13T16:21:15.146298,unified-search
260402,146.99,EUR,Royal Air Maroc,0,105,2026-04-02T09:50:00,2026-04-02T12:35:00,CMN,MAD,2026-03-13T16:21:15.146298,unified-search
260402,141.97,EUR,Iberia,0,105,2026-04-02T16:25:00,2026-04-02T19:10:00,CMN,MAD,2026-03-13T16:21:15.146298,unified-search
260402,158.97,EUR,Iberia,0,105,2026-04-02T09:50:00,2026-04-02T12:35:00,CMN,MAD,2026-03-13T16:21:15.146298,unified-search
260402,100.37,EUR,Vueling Airlines,0,110,2026-04-02T12:30:00,2026-04-02T15:20:00,CMN,MAD,2026-03-13T16:21:15.146298,unified-search
260402,252.0,EUR,Royal Air Maroc,0,110,2026-04-02T12:30:00,2026-04-02T15:20:00,CMN,MAD,2026-03-13T16:21:15.146298,unified-search
260402,724.97,EUR,Qatar Airways,0,110,2026-04-02T12:30:00,2026-04-02T15:20:00,CMN,MAD,2026-03-13T16:21:15.146298,unified-search
260402,135.99,EUR,TAP Air Portugal,1,370,2026-04-02T17:10:00,2026-04-03T00:20:00,CMN,MAD,2026-03-13T16:21:15.146298,unified-search
260403,177.81,EUR,Iberia,0,105,2026-04-03T17:55:00,2026-04-03T20:40:00,CMN,MAD,2026-03-13T16:21:25.535646,unified-search
260403,181.97,EUR,Iberia,0,110,2026-04-03T12:30:00,2026-04-03T15:20:00,CMN,MAD,2026-03-13T16:21:25.535646,unified-search
260403,185.0,EUR,Vueling Airlines,0,110,2026-04-03T12:30:00,2026-04-03T15:20:00,CMN,MAD,2026-03-13T16:21:25.535646,unified-search
260403,223.99,EUR,Royal Air Maroc,0,105,2026-04-03T09:50:00,2026-04-03T12:35:00,CMN,MAD,2026-03-13T16:21:25.535646,unified-search
260403,215.97,EUR,Iberia,0,105,2026-04-03T09:50:00,2026-04-03T12:35:00,CMN,MAD,2026-03-13T16:21:25.535646,unified-search
260403,280.0,EUR,Royal Air Maroc,0,105,2026-04-03T16:25:00,2026-04-03T19:10:00,CMN,MAD,2026-03-13T16:21:25.535646,unified-search
260403,218.0,EUR,Vueling Airlines,0,105,2026-04-03T17:55:00,2026-04-03T20:40:00,CMN,MAD,2026-03-13T16:21:25.535646,unified-search
260403,331.53,EUR,Royal Air Maroc,0,110,2026-04-03T12:30:00,2026-04-03T15:20:00,CMN,MAD,2026-03-13T16:21:25.535646,unified-search
260403,328.64,EUR,Royal Air Maroc,0,105,2026-04-03T17:55:00,2026-04-03T20:40:00,CMN,MAD,2026-03-13T16:21:25.535646,unified-search
260403,353.97,EUR,Iberia,0,105,2026-04-03T16:25:00,2026-04-03T19:10:00,CMN,MAD,2026-03-13T16:21:25.535646,unified-search
260404,299.0,EUR,Royal Air Maroc,0,105,2026-04-04T09:50:00,2026-04-04T12:35:00,CMN,MAD,2026-03-13T16:21:35.808896,unified-search
260404,320.0,EUR,Royal Air Maroc,0,105,2026-04-04T16:25:00,2026-04-04T19:10:00,CMN,MAD,2026-03-13T16:21:35.808896,unified-search
260404,318.79,EUR,Air Arabia Maroc,0,100,2026-04-04T13:10:00,2026-04-04T15:50:00,CMN,MAD,2026-03-13T16:21:35.808896,unified-search
260404,358.5,EUR,Iberia,0,105,2026-04-04T09:50:00,2026-04-04T12:35:00,CMN,MAD,2026-03-13T16:21:35.808896,unified-search
260404,404.27,EUR,Iberia,0,105,2026-04-04T16:25:00,2026-04-04T19:10:00,CMN,MAD,2026-03-13T16:21:35.808896,unified-search
260404,489.99,EUR,Iberia,0,110,2026-04-04T12:30:00,2026-04-04T15:20:00,CMN,MAD,2026-03-13T16:21:35.808896,unified-search
260404,247.99,EUR,TAP Air Portugal,1,270,2026-04-04T11:30:00,2026-04-04T17:00:00,CMN,MAD,2026-03-13T16:21:35.808896,unified-search
260404,230.0,EUR,Royal Air Maroc,1,275,2026-04-04T16:35:00,2026-04-04T22:10:00,CMN,MAD,2026-03-13T16:21:35.808896,unified-search
260404,277.99,EUR,Royal Air Maroc,1,245,2026-04-04T17:15:00,2026-04-04T22:20:00,CMN,MAD,2026-03-13T16:21:35.808896,unified-search
260404,210.0,EUR,TAP Air Portugal,2,580,2026-04-04T11:30:00,2026-04-04T22:10:00,CMN,MAD,2026-03-13T16:21:35.808896,unified-search
260405,320.0,EUR,Royal Air Maroc,0,105,2026-04-05T09:50:00,2026-04-05T12:35:00,CMN,MAD,2026-03-13T16:21:44.499196,unified-search
260405,489.0,EUR,Royal Air Maroc,0,105,2026-04-05T16:25:00,2026-04-05T19:10:00,CMN,MAD,2026-03-13T16:21:44.499196,unified-search
260405,232.99,EUR,Air Arabia Maroc,1,245,2026-04-05T13:10:00,2026-04-05T18:15:00,CMN,MAD,2026-03-13T16:21:44.499196,unified-search
260405,480.0,EUR,Iberia,0,110,2026-04-05T12:30:00,2026-04-05T15:20:00,CMN,MAD,2026-03-13T16:21:44.499196,unified-search
260405,489.99,EUR,Iberia,0,105,2026-04-05T17:55:00,2026-04-05T20:40:00,CMN,MAD,2026-03-13T16:21:44.499196,unified-search
260405,440.97,EUR,Iberia,0,105,2026-04-05T09:50:00,2026-04-05T12:35:00,CMN,MAD,2026-03-13T16:21:44.499196,unified-search
260405,215.0,EUR,Royal Air Maroc,1,680,2026-04-05T09:30:00,2026-04-05T21:50:00,CMN,MAD,2026-03-13T16:21:44.499196,unified-search
260405,378.99,EUR,Royal Air Maroc,1,245,2026-04-05T17:15:00,2026-04-05T22:20:00,CMN,MAD,2026-03-13T16:21:44.499196,unified-search
260405,389.72,EUR,Air Arabia Maroc,1,285,2026-04-05T13:10:00,2026-04-05T18:55:00,CMN,MAD,2026-03-13T16:21:44.499196,unified-search
260405,244.0,EUR,Royal Air Maroc,1,535,2026-04-05T23:10:00,2026-04-06T09:05:00,CMN,MAD,2026-03-13T16:21:44.499196,unified-search
260406,299.0,EUR,Royal Air Maroc,0,105,2026-04-06T09:50:00,2026-04-06T12:35:00,CMN,MAD,2026-03-13T16:21:54.709463,unified-search
260406,367.0,EUR,Iberia,0,105,2026-04-06T17:55:00,2026-04-06T20:40:00,CMN,MAD,2026-03-13T16:21:54.709463,unified-search
260406,366.85,EUR,Iberia,0,110,2026-04-06T12:30:00,2026-04-06T15:20:00,CMN,MAD,2026-03-13T16:21:54.709463,unified-search
260406,384.0,EUR,Vueling Airlines,0,105,2026-04-06T17:55:00,2026-04-06T20:40:00,CMN,MAD,2026-03-13T16:21:54.709463,unified-search
260406,384.0,EUR,Vueling Airlines,0,110,2026-04-06T12:30:00,2026-04-06T15:20:00,CMN,MAD,2026-03-13T16:21:54.709463,unified-search
260406,500.0,EUR,Royal Air Maroc,0,105,2026-04-06T16:25:00,2026-04-06T19:10:00,CMN,MAD,2026-03-13T16:21:54.709463,unified-search
260406,353.66,EUR,Iberia,0,105,2026-04-06T09:50:00,2026-04-06T12:35:00,CMN,MAD,2026-03-13T16:21:54.709463,unified-search
260406,492.23,EUR,Royal Air Maroc,0,105,2026-04-06T17:55:00,2026-04-06T20:40:00,CMN,MAD,2026-03-13T16:21:54.709463,unified-search
260406,143.0,EUR,Royal Air Maroc,2,780,2026-04-06T16:20:00,2026-04-07T06:20:00,CMN,MAD,2026-03-13T16:21:54.709463,unified-search
260406,149.0,EUR,Royal Air Maroc,2,780,2026-04-06T16:20:00,2026-04-07T06:20:00,CMN,MAD,2026-03-13T16:21:54.709463,unified-search
260407,145.97,EUR,Air Arabia Maroc,0,100,2026-04-07T18:45:00,2026-04-07T21:25:00,CMN,MAD,2026-03-13T16:22:02.951861,unified-search
260407,199.0,EUR,Royal Air Maroc,0,105,2026-04-07T09:50:00,2026-04-07T12:35:00,CMN,MAD,2026-03-13T16:22:02.951861,unified-search
260407,280.0,EUR,Royal Air Maroc,0,105,2026-04-07T16:25:00,2026-04-07T19:10:00,CMN,MAD,2026-03-13T16:22:02.951861,unified-search
260407,265.0,EUR,Iberia,0,105,2026-04-07T09:50:00,2026-04-07T12:35:00,CMN,MAD,2026-03-13T16:22:02.951861,unified-search
260407,306.97,EUR,Iberia,0,110,2026-04-07T12:30:00,2026-04-07T15:20:00,CMN,MAD,2026-03-13T16:22:02.951861,unified-search
260407,334.0,EUR,Vueling Airlines,0,110,2026-04-07T12:30:00,2026-04-07T15:20:00,CMN,MAD,2026-03-13T16:22:02.951861,unified-search
260407,446.97,EUR,Royal Air Maroc,0,110,2026-04-07T12:30:00,2026-04-07T15:20:00,CMN,MAD,2026-03-13T16:22:02.951861,unified-search
260407,313.0,EUR,Iberia,0,105,2026-04-07T16:25:00,2026-04-07T19:10:00,CMN,MAD,2026-03-13T16:22:02.951861,unified-search
260407,130.99,EUR,Air Arabia Maroc,1,265,2026-04-07T14:40:00,2026-04-07T20:05:00,CMN,MAD,2026-03-13T16:22:02.951861,unified-search
260407,118.0,EUR,Royal Air Maroc,1,605,2026-04-07T09:55:00,2026-04-07T21:00:00,CMN,MAD,2026-03-13T16:22:02.951861,unified-search
260408,70.97,EUR,Air Arabia Maroc,0,100,2026-04-08T15:05:00,2026-04-08T17:45:00,CMN,MAD,2026-03-13T16:22:15.628322,unified-search
260408,112.97,EUR,Iberia,0,105,2026-04-08T17:55:00,2026-04-08T20:40:00,CMN,MAD,2026-03-13T16:22:15.628322,unified-search
260408,198.1,EUR,Iberia,0,110,2026-04-08T12:30:00,2026-04-08T15:20:00,CMN,MAD,2026-03-13T16:22:15.628322,unified-search
260408,124.0,EUR,Vueling Airlines,0,105,2026-04-08T17:55:00,2026-04-08T20:40:00,CMN,MAD,2026-03-13T16:22:15.628322,unified-search
260408,320.0,EUR,Royal Air Maroc,0,105,2026-04-08T09:50:00,2026-04-08T12:35:00,CMN,MAD,2026-03-13T16:22:15.628322,unified-search
260408,218.0,EUR,Vueling Airlines,0,110,2026-04-08T12:30:00,2026-04-08T15:20:00,CMN,MAD,2026-03-13T16:22:15.628322,unified-search
260408,347.54,EUR,Royal Air Maroc,0,110,2026-04-08T12:30:00,2026-04-08T15:20:00,CMN,MAD,2026-03-13T16:22:15.628322,unified-search
260408,250.53,EUR,Royal Air Maroc,0,105,2026-04-08T17:55:00,2026-04-08T20:40:00,CMN,MAD,2026-03-13T16:22:15.628322,unified-search
260408,299.0,EUR,Royal Air Maroc,0,105,2026-04-08T16:25:00,2026-04-08T19:10:00,CMN,MAD,2026-03-13T16:22:15.628322,unified-search
260408,575.99,EUR,Iberia,0,105,2026-04-08T09:50:00,2026-04-08T12:35:00,CMN,MAD,2026-03-13T16:22:15.628322,unified-search
260409,54.99,EUR,Air Arabia Maroc,0,100,2026-04-09T13:10:00,2026-04-09T15:50:00,CMN,MAD,2026-03-13T16:22:27.760959,unified-search
260409,98.97,EUR,Iberia,0,110,2026-04-09T12:30:00,2026-04-09T15:20:00,CMN,MAD,2026-03-13T16:22:27.760959,unified-search
260409,199.0,EUR,Royal Air Maroc,0,105,2026-04-09T16:25:00,2026-04-09T19:10:00,CMN,MAD,2026-03-13T16:22:27.760959,unified-search
260409,188.0,EUR,Iberia,0,105,2026-04-09T16:25:00,2026-04-09T19:10:00,CMN,MAD,2026-03-13T16:22:27.760959,unified-search
260409,252.0,EUR,Royal Air Maroc,0,105,2026-04-09T09:50:00,2026-04-09T12:35:00,CMN,MAD,2026-03-13T16:22:27.760959,unified-search
260409,102.0,EUR,Vueling Airlines,0,110,2026-04-09T12:30:00,2026-04-09T15:20:00,CMN,MAD,2026-03-13T16:22:27.760959,unified-search
260409,221.99,EUR,Royal Air Maroc,0,110,2026-04-09T12:30:00,2026-04-09T15:20:00,CMN,MAD,2026-03-13T16:22:27.760959,unified-search
260409,265.0,EUR,Iberia,0,105,2026-04-09T09:50:00,2026-04-09T12:35:00,CMN,MAD,2026-03-13T16:22:27.760959,unified-search
260409,110.0,EUR,Royal Air Maroc,1,245,2026-04-09T17:15:00,2026-04-09T22:20:00,CMN,MAD,2026-03-13T16:22:27.760959,unified-search
260409,133.99,EUR,TAP Air Portugal,1,370,2026-04-09T17:10:00,2026-04-10T00:20:00,CMN,MAD,2026-03-13T16:22:27.760959,unified-search
260410,92.97,EUR,Iberia,0,105,2026-04-10T17:55:00,2026-04-10T20:40:00,CMN,MAD,2026-03-13T16:22:38.439347,unified-search
260410,179.97,EUR,Iberia,0,110,2026-04-10T12:30:00,2026-04-10T15:20:00,CMN,MAD,2026-03-13T16:22:38.439347,unified-search
260410,102.0,EUR,Vueling Airlines,0,105,2026-04-10T17:55:00,2026-04-10T20:40:00,CMN,MAD,2026-03-13T16:22:38.439347,unified-search
260410,252.0,EUR,Royal Air Maroc,0,105,2026-04-10T09:50:00,2026-04-10T12:35:00,CMN,MAD,2026-03-13T16:22:38.439347,unified-search
260410,185.0,EUR,Vueling Airlines,0,110,2026-04-10T12:30:00,2026-04-10T15:20:00,CMN,MAD,2026-03-13T16:22:38.439347,unified-search
260410,313.0,EUR,Royal Air Maroc,0,110,2026-04-10T12:30:00,2026-04-10T15:20:00,CMN,MAD,2026-03-13T16:22:38.439347,unified-search
260410,298.97,EUR,Iberia,0,105,2026-04-10T09:50:00,2026-04-10T12:35:00,CMN,MAD,2026-03-13T16:22:38.439347,unified-search
260410,252.0,EUR,Royal Air Maroc,0,105,2026-04-10T16:25:00,2026-04-10T19:10:00,CMN,MAD,2026-03-13T16:22:38.439347,unified-search
260410,221.99,EUR,Royal Air Maroc,0,105,2026-04-10T17:55:00,2026-04-10T20:40:00,CMN,MAD,2026-03-13T16:22:38.439347,unified-search
260410,352.97,EUR,Iberia,0,105,2026-04-10T16:25:00,2026-04-10T19:10:00,CMN,MAD,2026-03-13T16:22:38.439347,unified-search
260411,78.99,EUR,Air Arabia Maroc,0,100,2026-04-11T13:10:00,2026-04-11T15:50:00,CMN,MAD,2026-03-13T16:22:48.199302,unified-search
260411,109.97,EUR,Iberia,0,110,2026-04-11T12:30:00,2026-04-11T15:20:00,CMN,MAD,2026-03-13T16:22:48.199302,unified-search
260411,144.99,EUR,Royal Air Maroc,0,105,2026-04-11T09:50:00,2026-04-11T12:35:00,CMN,MAD,2026-03-13T16:22:48.199302,unified-search
260411,135.97,EUR,Iberia,0,105,2026-04-11T09:50:00,2026-04-11T12:35:00,CMN,MAD,2026-03-13T16:22:48.199302,unified-search
260411,197.99,EUR,Royal Air Maroc,0,105,2026-04-11T16:25:00,2026-04-11T19:10:00,CMN,MAD,2026-03-13T16:22:48.199302,unified-search
260411,178.97,EUR,Iberia,0,105,2026-04-11T16:25:00,2026-04-11T19:10:00,CMN,MAD,2026-03-13T16:22:48.199302,unified-search
260411,124.0,EUR,Vueling Airlines,0,110,2026-04-11T12:30:00,2026-04-11T15:20:00,CMN,MAD,2026-03-13T16:22:48.199302,unified-search
260411,253.0,EUR,Royal Air Maroc,0,110,2026-04-11T12:30:00,2026-04-11T15:20:00,CMN,MAD,2026-03-13T16:22:48.199302,unified-search
260411,152.0,EUR,Royal Air Maroc,1,280,2026-04-11T17:15:00,2026-04-11T22:55:00,CMN,MAD,2026-03-13T16:22:48.199302,unified-search
260411,208.0,EUR,Iberia,1,280,2026-04-11T17:15:00,2026-04-11T22:55:00,CMN,MAD,2026-03-13T16:22:48.199302,unified-search
