date,price,currency,airline,stops,duration_min,departure,arrival,origin,destination,scraped_at,source,date_str,day_of_week,days_until_dep,is_direct,duration_h,month,week
2026-03-13,124.0,EUR,Royal Air Maroc,1,885,2026-03-13 22:20:00,2026-03-14 14:05:00,CMN,MAD,2026-03-13 16:17:40.232595,unified-search,260313,Friday,0,0,14.75,3,11
2026-03-13,103.0,EUR,Royal Air Maroc,1,1235,2026-03-13 21:55:00,2026-03-14 19:30:00,CMN,MAD,2026-03-13 16:17:40.232595,unified-search,260313,Friday,0,0,20.58,3,11
2026-03-13,185.0,EUR,Royal Air Maroc,2,680,2026-03-13 22:00:00,2026-03-14 10:20:00,CMN,MAD,2026-03-13 16:17:40.232595,unified-search,260313,Friday,0,0,11.33,3,11
2026-03-13,193.0,EUR,Royal Air Maroc,2,680,2026-03-13 22:00:00,2026-03-14 10:20:00,CMN,MAD,2026-03-13 16:17:40.232595,unified-search,260313,Friday,0,0,11.33,3,11
2026-03-13,158.0,EUR,Royal Air Maroc,1,970,2026-03-13 22:00:00,2026-03-14 15:10:00,CMN,MAD,2026-03-13 16:17:40.232595,unified-search,260313,Friday,0,0,16.17,3,11
2026-03-13,158.0,EUR,Royal Air Maroc,1,1040,2026-03-13 20:50:00,2026-03-14 15:10:00,CMN,MAD,2026-03-13 16:17:40.232595,unified-search,260313,Friday,0,0,17.33,3,11
2026-03-13,393.99,EUR,Air France,1,815,2026-03-13 18:35:00,2026-03-14 09:10:00,CMN,MAD,2026-03-13 16:17:40.232595,unified-search,260313,Friday,0,0,13.58,3,11
2026-03-13,289.99,EUR,Air France,1,1650,2026-03-13 18:35:00,2026-03-14 23:05:00,CMN,MAD,2026-03-13 16:17:40.232595,unified-search,260313,Friday,0,0,27.5,3,11
2026-03-13,442.99,EUR,KLM,2,1230,2026-03-13 18:35:00,2026-03-14 16:05:00,CMN,MAD,2026-03-13 16:17:40.232595,unified-search,260313,Friday,0,0,20.5,3,11
2026-03-13,290.99,EUR,KLM,2,2320,2026-03-13 18:35:00,2026-03-15 10:15:00,CMN,MAD,2026-03-13 16:17:40.232595,unified-search,260313,Friday,0,0,38.67,3,11
2026-03-14,151.97,EUR,Iberia,0,105,2026-03-14 12:45:00,2026-03-14 15:30:00,CMN,MAD,2026-03-13 16:17:50.552742,unified-search,260314,Saturday,1,1,1.75,3,11
2026-03-14,146.99,EUR,Royal Air Maroc,0,105,2026-03-14 09:15:00,2026-03-14 12:00:00,CMN,MAD,2026-03-13 16:17:50.552742,unified-search,260314,Saturday,1,1,1.75,3,11
2026-03-14,143.0,EUR,Iberia,0,105,2026-03-14 09:15:00,2026-03-14 12:00:00,CMN,MAD,2026-03-13 16:17:50.552742,unified-search,260314,Saturday,1,1,1.75,3,11
2026-03-14,217.93,EUR,Royal Air Maroc,0,105,2026-03-14 15:20:00,2026-03-14 18:05:00,CMN,MAD,2026-03-13 16:17:50.552742,unified-search,260314,Saturday,1,1,1.75,3,11
2026-03-14,190.27,EUR,Iberia,0,105,2026-03-14 15:20:00,2026-03-14 18:05:00,CMN,MAD,2026-03-13 16:17:50.552742,unified-search,260314,Saturday,1,1,1.75,3,11
2026-03-14,185.0,EUR,Vueling Airlines,0,105,2026-03-14 12:45:00,2026-03-14 15:30:00,CMN,MAD,2026-03-13 16:17:50.552742,unified-search,260314,Saturday,1,1,1.75,3,11
2026-03-14,330.99,EUR,Royal Air Maroc,0,105,2026-03-14 12:45:00,2026-03-14 15:30:00,CMN,MAD,2026-03-13 16:17:50.552742,unified-search,260314,Saturday,1,1,1.75,3,11
2026-03-14,107.0,EUR,TAP Air Portugal,1,400,2026-03-14 15:50:00,2026-03-14 23:30:00,CMN,MAD,2026-03-13 16:17:50.552742,unified-search,260314,Saturday,1,0,6.67,3,11
2026-03-14,107.0,EUR,TAP Air Portugal,1,480,2026-03-14 11:20:00,2026-03-14 20:20:00,CMN,MAD,2026-03-13 16:17:50.552742,unified-search,260314,Saturday,1,0,8.0,3,11
2026-03-14,103.0,EUR,Royal Air Maroc,1,510,2026-03-14 10:00:00,2026-03-14 19:30:00,CMN,MAD,2026-03-13 16:17:50.552742,unified-search,260314,Saturday,1,0,8.5,3,11
2026-03-15,168.11,EUR,Iberia,0,105,2026-03-15 17:55:00,2026-03-15 20:40:00,CMN,MAD,2026-03-13 16:18:00.936272,unified-search,260315,Sunday,2,1,1.75,3,11
2026-03-15,200.0,EUR,Royal Air Maroc,0,105,2026-03-15 09:15:00,2026-03-15 12:00:00,CMN,MAD,2026-03-13 16:18:00.936272,unified-search,260315,Sunday,2,1,1.75,3,11
2026-03-15,188.0,EUR,Iberia,0,105,2026-03-15 09:15:00,2026-03-15 12:00:00,CMN,MAD,2026-03-13 16:18:00.936272,unified-search,260315,Sunday,2,1,1.75,3,11
2026-03-15,185.0,EUR,Vueling Airlines,0,105,2026-03-15 17:55:00,2026-03-15 20:40:00,CMN,MAD,2026-03-13 16:18:00.936272,unified-search,260315,Sunday,2,1,1.75,3,11
2026-03-15,300.0,EUR,Royal Air Maroc,0,105,2026-03-15 15:20:00,2026-03-15 18:05:00,CMN,MAD,2026-03-13 16:18:00.936272,unified-search,260315,Sunday,2,1,1.75,3,11
2026-03-15,293.14,EUR,Iberia,0,105,2026-03-15 12:45:00,2026-03-15 15:30:00,CMN,MAD,2026-03-13 16:18:00.936272,unified-search,260315,Sunday,2,1,1.75,3,11
2026-03-15,310.35,EUR,Royal Air Maroc,0,105,2026-03-15 17:55:00,2026-03-15 20:40:00,CMN,MAD,2026-03-13 16:18:00.936272,unified-search,260315,Sunday,2,1,1.75,3,11
2026-03-15,334.0,EUR,Vueling Airlines,0,105,2026-03-15 12:45:00,2026-03-15 15:30:00,CMN,MAD,2026-03-13 16:18:00.936272,unified-search,260315,Sunday,2,1,1.75,3,11
2026-03-15,494.0,EUR,Royal Air Maroc,0,105,2026-03-15 12:45:00,2026-03-15 15:30:00,CMN,MAD,2026-03-13 16:18:00.936272,unified-search,260315,Sunday,2,1,1.75,3,11
2026-03-15,358.5,EUR,Iberia,0,105,2026-03-15 15:20:00,2026-03-15 18:05:00,CMN,MAD,2026-03-13 16:18:00.936272,unified-search,260315,Sunday,2,1,1.75,3,11
2026-03-16,61.36,EUR,Iberia,0,105,2026-03-16 12:45:00,2026-03-16 15:30:00,CMN,MAD,2026-03-13 16:18:12.709902,unified-search,260316,Monday,3,1,1.75,3,12
2026-03-16,67.21,EUR,Iberia,0,105,2026-03-16 17:55:00,2026-03-16 20:40:00,CMN,MAD,2026-03-13 16:18:12.709902,unified-search,260316,Monday,3,1,1.75,3,12
2026-03-16,62.0,EUR,Vueling Airlines,0,105,2026-03-16 12:45:00,2026-03-16 15:30:00,CMN,MAD,2026-03-13 16:18:12.709902,unified-search,260316,Monday,3,1,1.75,3,12
2026-03-16,147.0,EUR,Royal Air Maroc,0,105,2026-03-16 09:15:00,2026-03-16 12:00:00,CMN,MAD,2026-03-13 16:18:12.709902,unified-search,260316,Monday,3,1,1.75,3,12
2026-03-16,147.0,EUR,Royal Air Maroc,0,105,2026-03-16 15:20:00,2026-03-16 18:05:00,CMN,MAD,2026-03-13 16:18:12.709902,unified-search,260316,Monday,3,1,1.75,3,12
2026-03-16,81.0,EUR,Vueling Airlines,0,105,2026-03-16 17:55:00,2026-03-16 20:40:00,CMN,MAD,2026-03-13 16:18:12.709902,unified-search,260316,Monday,3,1,1.75,3,12
2026-03-16,171.99,EUR,Royal Air Maroc,0,105,2026-03-16 12:45:00,2026-03-16 15:30:00,CMN,MAD,2026-03-13 16:18:12.709902,unified-search,260316,Monday,3,1,1.75,3,12
2026-03-16,162.0,EUR,Iberia,0,105,2026-03-16 09:15:00,2026-03-16 12:00:00,CMN,MAD,2026-03-13 16:18:12.709902,unified-search,260316,Monday,3,1,1.75,3,12
2026-03-16,193.99,EUR,Royal Air Maroc,0,105,2026-03-16 17:55:00,2026-03-16 20:40:00,CMN,MAD,2026-03-13 16:18:12.709902,unified-search,260316,Monday,3,1,1.75,3,12
2026-03-16,143.0,EUR,Iberia,0,105,2026-03-16 15:20:00,2026-03-16 18:05:00,CMN,MAD,2026-03-13 16:18:12.709902,unified-search,260316,Monday,3,1,1.75,3,12
2026-03-17,147.99,EUR,Royal Air Maroc,0,105,2026-03-17 15:20:00,2026-03-17 18:05:00,CMN,MAD,2026-03-13 16:18:22.799125,unified-search,260317,Tuesday,4,1,1.75,3,12
2026-03-17,266.96,EUR,Iberia,0,105,2026-03-17 12:45:00,2026-03-17 15:30:00,CMN,MAD,2026-03-13 16:18:22.799125,unified-search,260317,Tuesday,4,1,1.75,3,12
2026-03-17,188.0,EUR,Iberia,0,105,2026-03-17 15:20:00,2026-03-17 18:05:00,CMN,MAD,2026-03-13 16:18:22.799125,unified-search,260317,Tuesday,4,1,1.75,3,12
2026-03-17,440.35,EUR,Royal Air Maroc,0,105,2026-03-17 12:45:00,2026-03-17 15:30:00,CMN,MAD,2026-03-13 16:18:22.799125,unified-search,260317,Tuesday,4,1,1.75,3,12
2026-03-17,334.0,EUR,Vueling Airlines,0,105,2026-03-17 12:45:00,2026-03-17 15:30:00,CMN,MAD,2026-03-13 16:18:22.799125,unified-search,260317,Tuesday,4,1,1.75,3,12
2026-03-17,213.0,EUR,Royal Air Maroc,1,260,2026-03-17 10:10:00,2026-03-17 15:30:00,CMN,MAD,2026-03-13 16:18:22.799125,unified-search,260317,Tuesday,4,0,4.33,3,12
2026-03-17,110.97,EUR,TAP Air Portugal,1,400,2026-03-17 15:50:00,2026-03-17 23:30:00,CMN,MAD,2026-03-13 16:18:22.799125,unified-search,260317,Tuesday,4,0,6.67,3,12
2026-03-17,165.0,EUR,Royal Air Maroc,1,285,2026-03-17 15:35:00,2026-03-17 21:20:00,CMN,MAD,2026-03-13 16:18:22.799125,unified-search,260317,Tuesday,4,0,4.75,3,12
2026-03-18,78.97,EUR,Iberia,0,105,2026-03-18 12:45:00,2026-03-18 15:30:00,CMN,MAD,2026-03-13 16:18:32.286107,unified-search,260318,Wednesday,5,1,1.75,3,12
2026-03-18,94.0,EUR,Royal Air Maroc,0,105,2026-03-18 09:15:00,2026-03-18 12:00:00,CMN,MAD,2026-03-13 16:18:32.286107,unified-search,260318,Wednesday,5,1,1.75,3,12
2026-03-18,169.0,EUR,Royal Air Maroc,0,105,2026-03-18 15:20:00,2026-03-18 18:05:00,CMN,MAD,2026-03-13 16:18:32.286107,unified-search,260318,Wednesday,5,1,1.75,3,12
2026-03-18,81.0,EUR,Vueling Airlines,0,105,2026-03-18 12:45:00,2026-03-18 15:30:00,CMN,MAD,2026-03-13 16:18:32.286107,unified-search,260318,Wednesday,5,1,1.75,3,12
2026-03-18,162.0,EUR,Iberia,0,105,2026-03-18 15:20:00,2026-03-18 18:05:00,CMN,MAD,2026-03-13 16:18:32.286107,unified-search,260318,Wednesday,5,1,1.75,3,12
2026-03-18,127.0,EUR,Iberia,0,105,2026-03-18 09:15:00,2026-03-18 12:00:00,CMN,MAD,2026-03-13 16:18:32.286107,unified-search,260318,Wednesday,5,1,1.75,3,12
2026-03-18,223.99,EUR,Royal Air Maroc,0,105,2026-03-18 12:45:00,2026-03-18 15:30:00,CMN,MAD,2026-03-13 16:18:32.286107,unified-search,260318,Wednesday,5,1,1.75,3,12
2026-03-18,724.97,EUR,Qatar Airways,0,105,2026-03-18 12:45:00,2026-03-18 15:30:00,CMN,MAD,2026-03-13 16:18:32.286107,unified-search,260318,Wednesday,5,1,1.75,3,12
2026-03-18,156.8,EUR,Pegasus Airlines,1,635,2026-03-18 00:10:00,2026-03-18 11:45:00,CMN,MAD,2026-03-13 16:18:32.286107,unified-search,260318,Wednesday,5,0,10.58,3,12
2026-03-18,106.0,EUR,TAP Air Portugal,1,670,2026-03-18 11:20:00,2026-03-18 23:30:00,CMN,MAD,2026-03-13 16:18:32.286107,unified-search,260318,Wednesday,5,0,11.17,3,12
2026-03-19,77.92,EUR,Air Arabia Maroc,0,105,2026-03-19 14:20:00,2026-03-19 17:05:00,CMN,MAD,2026-03-13 16:18:43.647082,unified-search,260319,Thursday,6,1,1.75,3,12
2026-03-19,99.0,EUR,Iberia,0,105,2026-03-19 17:55:00,2026-03-19 20:40:00,CMN,MAD,2026-03-13 16:18:43.647082,unified-search,260319,Thursday,6,1,1.75,3,12
2026-03-19,102.0,EUR,Vueling Airlines,0,105,2026-03-19 17:55:00,2026-03-19 20:40:00,CMN,MAD,2026-03-13 16:18:43.647082,unified-search,260319,Thursday,6,1,1.75,3,12
2026-03-19,197.0,EUR,Royal Air Maroc,0,105,2026-03-19 09:15:00,2026-03-19 12:00:00,CMN,MAD,2026-03-13 16:18:43.647082,unified-search,260319,Thursday,6,1,1.75,3,12
2026-03-19,215.97,EUR,Iberia,0,105,2026-03-19 09:15:00,2026-03-19 12:00:00,CMN,MAD,2026-03-13 16:18:43.647082,unified-search,260319,Thursday,6,1,1.75,3,12
2026-03-19,223.99,EUR,Royal Air Maroc,0,105,2026-03-19 17:55:00,2026-03-19 20:40:00,CMN,MAD,2026-03-13 16:18:43.647082,unified-search,260319,Thursday,6,1,1.75,3,12
2026-03-19,281.0,EUR,Royal Air Maroc,0,105,2026-03-19 15:20:00,2026-03-19 18:05:00,CMN,MAD,2026-03-13 16:18:43.647082,unified-search,260319,Thursday,6,1,1.75,3,12
2026-03-19,442.0,EUR,Royal Air Maroc,0,105,2026-03-19 12:45:00,2026-03-19 15:30:00,CMN,MAD,2026-03-13 16:18:43.647082,unified-search,260319,Thursday,6,1,1.75,3,12
2026-03-19,317.09,EUR,Iberia,0,105,2026-03-19 12:45:00,2026-03-19 15:30:00,CMN,MAD,2026-03-13 16:18:43.647082,unified-search,260319,Thursday,6,1,1.75,3,12
2026-03-19,306.97,EUR,Iberia,0,105,2026-03-19 15:20:00,2026-03-19 18:05:00,CMN,MAD,2026-03-13 16:18:43.647082,unified-search,260319,Thursday,6,1,1.75,3,12
2026-03-20,61.38,EUR,Iberia,0,105,2026-03-20 17:55:00,2026-03-20 20:40:00,CMN,MAD,2026-03-13 16:18:53.828847,unified-search,260320,Friday,7,1,1.75,3,12
2026-03-20,78.97,EUR,Iberia,0,105,2026-03-20 12:45:00,2026-03-20 15:30:00,CMN,MAD,2026-03-13 16:18:53.828847,unified-search,260320,Friday,7,1,1.75,3,12
2026-03-20,74.99,EUR,Air Arabia Maroc,0,105,2026-03-20 12:50:00,2026-03-20 15:35:00,CMN,MAD,2026-03-13 16:18:53.828847,unified-search,260320,Friday,7,1,1.75,3,12
2026-03-20,81.0,EUR,Vueling Airlines,0,105,2026-03-20 17:55:00,2026-03-20 20:40:00,CMN,MAD,2026-03-13 16:18:53.828847,unified-search,260320,Friday,7,1,1.75,3,12
2026-03-20,147.0,EUR,Royal Air Maroc,0,105,2026-03-20 15:20:00,2026-03-20 18:05:00,CMN,MAD,2026-03-13 16:18:53.828847,unified-search,260320,Friday,7,1,1.75,3,12
2026-03-20,143.0,EUR,Iberia,0,105,2026-03-20 15:20:00,2026-03-20 18:05:00,CMN,MAD,2026-03-13 16:18:53.828847,unified-search,260320,Friday,7,1,1.75,3,12
2026-03-20,200.0,EUR,Royal Air Maroc,0,105,2026-03-20 09:15:00,2026-03-20 12:00:00,CMN,MAD,2026-03-13 16:18:53.828847,unified-search,260320,Friday,7,1,1.75,3,12
2026-03-20,207.0,EUR,Royal Air Maroc,0,105,2026-03-20 12:45:00,2026-03-20 15:30:00,CMN,MAD,2026-03-13 16:18:53.828847,unified-search,260320,Friday,7,1,1.75,3,12
2026-03-20,193.99,EUR,Royal Air Maroc,0,105,2026-03-20 17:55:00,2026-03-20 20:40:00,CMN,MAD,2026-03-13 16:18:53.828847,unified-search,260320,Friday,7,1,1.75,3,12
2026-03-20,102.0,EUR,Vueling Airlines,0,105,2026-03-20 12:45:00,2026-03-20 15:30:00,CMN,MAD,2026-03-13 16:18:53.828847,unified-search,260320,Friday,7,1,1.75,3,12
2026-03-21,99.97,EUR,Iberia,0,105,2026-03-21 12:45:00,2026-03-21 15:30:00,CMN,MAD,2026-03-13 16:19:05.400936,unified-search,260321,Saturday,8,1,1.75,3,12
2026-03-21,146.99,EUR,Royal Air Maroc,0,105,2026-03-21 15:20:00,2026-03-21 18:05:00,CMN,MAD,2026-03-13 16:19:05.400936,unified-search,260321,Saturday,8,1,1.75,3,12
2026-03-21,146.99,EUR,Royal Air Maroc,0,105,2026-03-21 09:15:00,2026-03-21 12:00:00,CMN,MAD,2026-03-13 16:19:05.400936,unified-search,260321,Saturday,8,1,1.75,3,12
2026-03-21,100.0,EUR,Vueling Airlines,0,105,2026-03-21 12:45:00,2026-03-21 15:30:00,CMN,MAD,2026-03-13 16:19:05.400936,unified-search,260321,Saturday,8,1,1.75,3,12
2026-03-21,143.0,EUR,Iberia,0,105,2026-03-21 09:15:00,2026-03-21 12:00:00,CMN,MAD,2026-03-13 16:19:05.400936,unified-search,260321,Saturday,8,1,1.75,3,12
2026-03-21,143.0,EUR,Iberia,0,105,2026-03-21 15:20:00,2026-03-21 18:05:00,CMN,MAD,2026-03-13 16:19:05.400936,unified-search,260321,Saturday,8,1,1.75,3,12
2026-03-21,222.99,EUR,Royal Air Maroc,0,105,2026-03-21 12:45:00,2026-03-21 15:30:00,CMN,MAD,2026-03-13 16:19:05.400936,unified-search,260321,Saturday,8,1,1.75,3,12
2026-03-21,739.97,EUR,Qatar Airways,0,105,2026-03-21 12:45:00,2026-03-21 15:30:00,CMN,MAD,2026-03-13 16:19:05.400936,unified-search,260321,Saturday,8,1,1.75,3,12
2026-03-21,108.97,EUR,TAP Air Portugal,1,400,2026-03-21 15:50:00,2026-03-21 23:30:00,CMN,MAD,2026-03-13 16:19:05.400936,unified-search,260321,Saturday,8,0,6.67,3,12
2026-03-21,108.97,EUR,TAP Air Portugal,1,480,2026-03-21 11:20:00,2026-03-21 20:20:00,CMN,MAD,2026-03-13 16:19:05.400936,unified-search,260321,Saturday,8,0,8.0,3,12
2026-03-22,96.97,EUR,Air Arabia Maroc,0,105,2026-03-22 20:05:00,2026-03-22 21:50:00,CMN,MAD,2026-03-13 16:19:16.543550,unified-search,260322,Sunday,9,1,1.75,3,12
2026-03-22,120.26,EUR,Iberia,0,105,2026-03-22 18:55:00,2026-03-22 20:40:00,CMN,MAD,2026-03-13 16:19:16.543550,unified-search,260322,Sunday,9,1,1.75,3,12
2026-03-22,171.82,EUR,Iberia,0,105,2026-03-22 13:45:00,2026-03-22 15:30:00,CMN,MAD,2026-03-13 16:19:16.543550,unified-search,260322,Sunday,9,1,1.75,3,12
2026-03-22,170.99,EUR,Iberia,0,105,2026-03-22 10:15:00,2026-03-22 12:00:00,CMN,MAD,2026-03-13 16:19:16.543550,unified-search,260322,Sunday,9,1,1.75,3,12
2026-03-22,199.99,EUR,Royal Air Maroc,0,105,2026-03-22 10:15:00,2026-03-22 12:00:00,CMN,MAD,2026-03-13 16:19:16.543550,unified-search,260322,Sunday,9,1,1.75,3,12
2026-03-22,182.0,EUR,Vueling Airlines,0,105,2026-03-22 13:45:00,2026-03-22 15:30:00,CMN,MAD,2026-03-13 16:19:16.543550,unified-search,260322,Sunday,9,1,1.75,3,12
2026-03-22,151.0,EUR,Vueling Airlines,0,105,2026-03-22 18:55:00,2026-03-22 20:40:00,CMN,MAD,2026-03-13 16:19:16.543550,unified-search,260322,Sunday,9,1,1.75,3,12
2026-03-22,332.0,EUR,Royal Air Maroc,0,105,2026-03-22 13:45:00,2026-03-22 15:30:00,CMN,MAD,2026-03-13 16:19:16.543550,unified-search,260322,Sunday,9,1,1.75,3,12
2026-03-22,291.0,EUR,Royal Air Maroc,0,105,2026-03-22 16:20:00,2026-03-22 18:05:00,CMN,MAD,2026-03-13 16:19:16.543550,unified-search,260322,Sunday,9,1,1.75,3,12
2026-03-22,353.97,EUR,Iberia,0,105,2026-03-22 16:20:00,2026-03-22 18:05:00,CMN,MAD,2026-03-13 16:19:16.543550,unified-search,260322,Sunday,9,1,1.75,3,12
2026-03-23,99.0,EUR,Iberia,0,105,2026-03-23 18:55:00,2026-03-23 20:40:00,CMN,MAD,2026-03-13 16:19:26.883428,unified-search,260323,Monday,10,1,1.75,3,13
2026-03-23,144.99,EUR,Royal Air Maroc,0,105,2026-03-23 16:20:00,2026-03-23 18:05:00,CMN,MAD,2026-03-13 16:19:26.883428,unified-search,260323,Monday,10,1,1.75,3,13
2026-03-23,253.0,EUR,Royal Air Maroc,0,105,2026-03-23 10:15:00,2026-03-23 12:00:00,CMN,MAD,2026-03-13 16:19:26.883428,unified-search,260323,Monday,10,1,1.75,3,13
2026-03-23,196.1,EUR,Iberia,0,105,2026-03-23 13:45:00,2026-03-23 15:30:00,CMN,MAD,2026-03-13 16:19:26.883428,unified-search,260323,Monday,10,1,1.75,3,13
2026-03-23,102.0,EUR,Vueling Airlines,0,105,2026-03-23 18:55:00,2026-03-23 20:40:00,CMN,MAD,2026-03-13 16:19:26.883428,unified-search,260323,Monday,10,1,1.75,3,13
2026-03-23,265.0,EUR,Iberia,0,105,2026-03-23 10:15:00,2026-03-23 12:00:00,CMN,MAD,2026-03-13 16:19:26.883428,unified-search,260323,Monday,10,1,1.75,3,13
2026-03-23,218.0,EUR,Vueling Airlines,0,105,2026-03-23 13:45:00,2026-03-23 15:30:00,CMN,MAD,2026-03-13 16:19:26.883428,unified-search,260323,Monday,10,1,1.75,3,13
2026-03-23,327.62,EUR,Royal Air Maroc,0,105,2026-03-23 13:45:00,2026-03-23 15:30:00,CMN,MAD,2026-03-13 16:19:26.883428,unified-search,260323,Monday,10,1,1.75,3,13
2026-03-23,166.99,EUR,Iberia,0,105,2026-03-23 16:20:00,2026-03-23 18:05:00,CMN,MAD,2026-03-13 16:19:26.883428,unified-search,260323,Monday,10,1,1.75,3,13
2026-03-23,223.99,EUR,Royal Air Maroc,0,105,2026-03-23 18:55:00,2026-03-23 20:40:00,CMN,MAD,2026-03-13 16:19:26.883428,unified-search,260323,Monday,10,1,1.75,3,13
2026-03-24,69.96,EUR,Air Arabia Maroc,0,105,2026-03-24 18:55:00,2026-03-24 20:40:00,CMN,MAD,2026-03-13 16:19:39.062820,unified-search,260324,Tuesday,11,1,1.75,3,13
2026-03-24,113.97,EUR,Iberia,0,105,2026-03-24 13:45:00,2026-03-24 15:30:00,CMN,MAD,2026-03-13 16:19:39.062820,unified-search,260324,Tuesday,11,1,1.75,3,13
2026-03-24,155.37,EUR,Royal Air Maroc,0,105,2026-03-24 16:20:00,2026-03-24 18:05:00,CMN,MAD,2026-03-13 16:19:39.062820,unified-search,260324,Tuesday,11,1,1.75,3,13
2026-03-24,121.0,EUR,Vueling Airlines,0,105,2026-03-24 13:45:00,2026-03-24 15:30:00,CMN,MAD,2026-03-13 16:19:39.062820,unified-search,260324,Tuesday,11,1,1.75,3,13
2026-03-24,252.0,EUR,Royal Air Maroc,0,105,2026-03-24 13:45:00,2026-03-24 15:30:00,CMN,MAD,2026-03-13 16:19:39.062820,unified-search,260324,Tuesday,11,1,1.75,3,13
2026-03-24,215.97,EUR,Iberia,0,105,2026-03-24 16:20:00,2026-03-24 18:05:00,CMN,MAD,2026-03-13 16:19:39.062820,unified-search,260324,Tuesday,11,1,1.75,3,13
2026-03-24,767.97,EUR,Qatar Airways,0,105,2026-03-24 13:45:00,2026-03-24 15:30:00,CMN,MAD,2026-03-13 16:19:39.062820,unified-search,260324,Tuesday,11,1,1.75,3,13
2026-03-24,182.0,EUR,Royal Air Maroc,1,260,2026-03-24 11:10:00,2026-03-24 15:30:00,CMN,MAD,2026-03-13 16:19:39.062820,unified-search,260324,Tuesday,11,0,4.33,3,13
2026-03-24,151.0,EUR,Royal Air Maroc,1,285,2026-03-24 16:35:00,2026-03-24 21:20:00,CMN,MAD,2026-03-13 16:19:39.062820,unified-search,260324,Tuesday,11,0,4.75,3,13
2026-03-24,137.0,EUR,TAP Air Portugal,1,270,2026-03-24 16:50:00,2026-03-24 21:20:00,CMN,MAD,2026-03-13 16:19:39.062820,unified-search,260324,Tuesday,11,0,4.5,3,13
2026-03-25,113.97,EUR,Iberia,0,105,2026-03-25 13:45:00,2026-03-25 15:30:00,CMN,MAD,2026-03-13 16:19:48.671142,unified-search,260325,Wednesday,12,1,1.75,3,13
2026-03-25,152.0,EUR,Royal Air Maroc,0,105,2026-03-25 16:20:00,2026-03-25 18:05:00,CMN,MAD,2026-03-13 16:19:48.671142,unified-search,260325,Wednesday,12,1,1.75,3,13
2026-03-25,124.0,EUR,Vueling Airlines,0,105,2026-03-25 13:45:00,2026-03-25 15:30:00,CMN,MAD,2026-03-13 16:19:48.671142,unified-search,260325,Wednesday,12,1,1.75,3,13
2026-03-25,253.0,EUR,Royal Air Maroc,0,105,2026-03-25 10:15:00,2026-03-25 12:00:00,CMN,MAD,2026-03-13 16:19:48.671142,unified-search,260325,Wednesday,12,1,1.75,3,13
2026-03-25,257.97,EUR,Iberia,0,105,2026-03-25 10:15:00,2026-03-25 12:00:00,CMN,MAD,2026-03-13 16:19:48.671142,unified-search,260325,Wednesday,12,1,1.75,3,13
2026-03-25,252.0,EUR,Royal Air Maroc,0,105,2026-03-25 13:45:00,2026-03-25 15:30:00,CMN,MAD,2026-03-13 16:19:48.671142,unified-search,260325,Wednesday,12,1,1.75,3,13
2026-03-25,215.97,EUR,Iberia,0,105,2026-03-25 16:20:00,2026-03-25 18:05:00,CMN,MAD,2026-03-13 16:19:48.671142,unified-search,260325,Wednesday,12,1,1.75,3,13
2026-03-25,768.97,EUR,Qatar Airways,0,105,2026-03-25 13:45:00,2026-03-25 15:30:00,CMN,MAD,2026-03-13 16:19:48.671142,unified-search,260325,Wednesday,12,1,1.75,3,13
2026-03-25,125.0,EUR,Royal Air Maroc,2,520,2026-03-25 16:25:00,2026-03-26 01:05:00,CMN,MAD,2026-03-13 16:19:48.671142,unified-search,260325,Wednesday,12,0,8.67,3,13
2026-03-25,128.0,EUR,Royal Air Maroc,2,520,2026-03-25 16:25:00,2026-03-26 01:05:00,CMN,MAD,2026-03-13 16:19:48.671142,unified-search,260325,Wednesday,12,0,8.67,3,13
2026-03-26,69.26,EUR,Air Arabia Maroc,0,105,2026-03-26 15:05:00,2026-03-26 16:50:00,CMN,MAD,2026-03-13 16:19:58.116464,unified-search,260326,Thursday,13,1,1.75,3,13
2026-03-26,197.99,EUR,Royal Air Maroc,0,105,2026-03-26 10:15:00,2026-03-26 12:00:00,CMN,MAD,2026-03-13 16:19:58.116464,unified-search,260326,Thursday,13,1,1.75,3,13
2026-03-26,188.0,EUR,Iberia,0,105,2026-03-26 10:15:00,2026-03-26 12:00:00,CMN,MAD,2026-03-13 16:19:58.116464,unified-search,260326,Thursday,13,1,1.75,3,13
2026-03-26,252.0,EUR,Royal Air Maroc,0,105,2026-03-26 16:20:00,2026-03-26 18:05:00,CMN,MAD,2026-03-13 16:19:58.116464,unified-search,260326,Thursday,13,1,1.75,3,13
2026-03-26,266.18,EUR,Iberia,0,105,2026-03-26 16:20:00,2026-03-26 18:05:00,CMN,MAD,2026-03-13 16:19:58.116464,unified-search,260326,Thursday,13,1,1.75,3,13
2026-03-26,385.27,EUR,Iberia,0,105,2026-03-26 18:55:00,2026-03-26 20:40:00,CMN,MAD,2026-03-13 16:19:58.116464,unified-search,260326,Thursday,13,1,1.75,3,13
2026-03-26,108.97,EUR,TAP Air Portugal,1,400,2026-03-26 16:50:00,2026-03-26 23:30:00,CMN,MAD,2026-03-13 16:19:58.116464,unified-search,260326,Thursday,13,0,6.67,3,13
2026-03-26,359.0,EUR,Royal Air Maroc,0,105,2026-03-26 13:45:00,2026-03-26 15:30:00,CMN,MAD,2026-03-13 16:19:58.116464,unified-search,260326,Thursday,13,1,1.75,3,13
2026-03-26,290.18,EUR,Iberia,0,105,2026-03-26 13:45:00,2026-03-26 15:30:00,CMN,MAD,2026-03-13 16:19:58.116464,unified-search,260326,Thursday,13,1,1.75,3,13
2026-03-26,781.0,EUR,Royal Air Maroc,0,105,2026-03-26 18:55:00,2026-03-26 20:40:00,CMN,MAD,2026-03-13 16:19:58.116464,unified-search,260326,Thursday,13,1,1.75,3,13
2026-03-27,78.97,EUR,Iberia,0,105,2026-03-27 18:55:00,2026-03-27 20:40:00,CMN,MAD,2026-03-13 16:20:09.284273,unified-search,260327,Friday,14,1,1.75,3,13
2026-03-27,113.79,EUR,Air Arabia Maroc,0,105,2026-03-27 13:50:00,2026-03-27 15:35:00,CMN,MAD,2026-03-13 16:20:09.284273,unified-search,260327,Friday,14,1,1.75,3,13
2026-03-27,81.0,EUR,Vueling Airlines,0,105,2026-03-27 18:55:00,2026-03-27 20:40:00,CMN,MAD,2026-03-13 16:20:09.284273,unified-search,260327,Friday,14,1,1.75,3,13
2026-03-27,195.99,EUR,Royal Air Maroc,0,105,2026-03-27 10:15:00,2026-03-27 12:00:00,CMN,MAD,2026-03-13 16:20:09.284273,unified-search,260327,Friday,14,1,1.75,3,13
2026-03-27,165.99,EUR,Royal Air Maroc,0,105,2026-03-27 16:20:00,2026-03-27 18:05:00,CMN,MAD,2026-03-13 16:20:09.284273,unified-search,260327,Friday,14,1,1.75,3,13
2026-03-27,192.99,EUR,Iberia,0,105,2026-03-27 10:15:00,2026-03-27 12:00:00,CMN,MAD,2026-03-13 16:20:09.284273,unified-search,260327,Friday,14,1,1.75,3,13
2026-03-27,181.97,EUR,Iberia,0,105,2026-03-27 13:45:00,2026-03-27 15:30:00,CMN,MAD,2026-03-13 16:20:09.284273,unified-search,260327,Friday,14,1,1.75,3,13
2026-03-27,160.97,EUR,Iberia,0,105,2026-03-27 16:20:00,2026-03-27 18:05:00,CMN,MAD,2026-03-13 16:20:09.284273,unified-search,260327,Friday,14,1,1.75,3,13
2026-03-27,332.0,EUR,Royal Air Maroc,0,105,2026-03-27 13:45:00,2026-03-27 15:30:00,CMN,MAD,2026-03-13 16:20:09.284273,unified-search,260327,Friday,14,1,1.75,3,13
2026-03-27,191.99,EUR,Royal Air Maroc,0,105,2026-03-27 18:55:00,2026-03-27 20:40:00,CMN,MAD,2026-03-13 16:20:09.284273,unified-search,260327,Friday,14,1,1.75,3,13
2026-03-28,93.99,EUR,Royal Air Maroc,0,105,2026-03-28 10:15:00,2026-03-28 12:00:00,CMN,MAD,2026-03-13 16:20:18.968198,unified-search,260328,Saturday,15,1,1.75,3,13
2026-03-28,115.99,EUR,Royal Air Maroc,0,105,2026-03-28 16:20:00,2026-03-28 18:05:00,CMN,MAD,2026-03-13 16:20:18.968198,unified-search,260328,Saturday,15,1,1.75,3,13
2026-03-28,121.97,EUR,Iberia,0,105,2026-03-28 16:20:00,2026-03-28 18:05:00,CMN,MAD,2026-03-13 16:20:18.968198,unified-search,260328,Saturday,15,1,1.75,3,13
2026-03-28,121.97,EUR,Iberia,0,105,2026-03-28 10:15:00,2026-03-28 12:00:00,CMN,MAD,2026-03-13 16:20:18.968198,unified-search,260328,Saturday,15,1,1.75,3,13
2026-03-28,176.27,EUR,Iberia,0,105,2026-03-28 13:45:00,2026-03-28 15:30:00,CMN,MAD,2026-03-13 16:20:18.968198,unified-search,260328,Saturday,15,1,1.75,3,13
2026-03-28,185.0,EUR,Vueling Airlines,0,105,2026-03-28 13:45:00,2026-03-28 15:30:00,CMN,MAD,2026-03-13 16:20:18.968198,unified-search,260328,Saturday,15,1,1.75,3,13
2026-03-28,313.0,EUR,Royal Air Maroc,0,105,2026-03-28 13:45:00,2026-03-28 15:30:00,CMN,MAD,2026-03-13 16:20:18.968198,unified-search,260328,Saturday,15,1,1.75,3,13
2026-03-28,108.97,EUR,TAP Air Portugal,1,400,2026-03-28 16:50:00,2026-03-28 23:30:00,CMN,MAD,2026-03-13 16:20:18.968198,unified-search,260328,Saturday,15,0,6.67,3,13
2026-03-28,108.97,EUR,TAP Air Portugal,1,480,2026-03-28 12:20:00,2026-03-28 20:20:00,CMN,MAD,2026-03-13 16:20:18.968198,unified-search,260328,Saturday,15,0,8.0,3,13
2026-03-29,98.24,EUR,Iberia,0,105,2026-03-29 17:55:00,2026-03-29 20:40:00,CMN,MAD,2026-03-13 16:20:30.491154,unified-search,260329,Sunday,16,1,1.75,3,13
2026-03-29,127.24,EUR,Iberia,0,110,2026-03-29 12:30:00,2026-03-29 15:20:00,CMN,MAD,2026-03-13 16:20:30.491154,unified-search,260329,Sunday,16,1,1.83,3,13
2026-03-29,100.0,EUR,Vueling Airlines,0,105,2026-03-29 17:55:00,2026-03-29 20:40:00,CMN,MAD,2026-03-13 16:20:30.491154,unified-search,260329,Sunday,16,1,1.75,3,13
2026-03-29,199.0,EUR,Royal Air Maroc,0,105,2026-03-29 09:50:00,2026-03-29 12:35:00,CMN,MAD,2026-03-13 16:20:30.491154,unified-search,260329,Sunday,16,1,1.75,3,13
2026-03-29,151.0,EUR,Vueling Airlines,0,110,2026-03-29 12:30:00,2026-03-29 15:20:00,CMN,MAD,2026-03-13 16:20:30.491154,unified-search,260329,Sunday,16,1,1.83,3,13
2026-03-29,184.97,EUR,Iberia,0,105,2026-03-29 09:50:00,2026-03-29 12:35:00,CMN,MAD,2026-03-13 16:20:30.491154,unified-search,260329,Sunday,16,1,1.75,3,13
2026-03-29,282.42,EUR,Royal Air Maroc,0,110,2026-03-29 12:30:00,2026-03-29 15:20:00,CMN,MAD,2026-03-13 16:20:30.491154,unified-search,260329,Sunday,16,1,1.83,3,13
2026-03-29,222.99,EUR,Royal Air Maroc,0,105,2026-03-29 17:55:00,2026-03-29 20:40:00,CMN,MAD,2026-03-13 16:20:30.491154,unified-search,260329,Sunday,16,1,1.75,3,13
2026-03-29,280.0,EUR,Royal Air Maroc,0,105,2026-03-29 16:25:00,2026-03-29 19:10:00,CMN,MAD,2026-03-13 16:20:30.491154,unified-search,260329,Sunday,16,1,1.75,3,13
2026-03-29,305.97,EUR,Iberia,0,105,2026-03-29 16:25:00,2026-03-29 19:10:00,CMN,MAD,2026-03-13 16:20:30.491154,unified-search,260329,Sunday,16,1,1.75,3,13
2026-03-30,55.56,EUR,Iberia,0,105,2026-03-30 17:55:00,2026-03-30 20:40:00,CMN,MAD,2026-03-13 16:20:42.733825,unified-search,260330,Monday,17,1,1.75,3,14
2026-03-30,93.99,EUR,Royal Air Maroc,0,105,2026-03-30 09:50:00,2026-03-30 12:35:00,CMN,MAD,2026-03-13 16:20:42.733825,unified-search,260330,Monday,17,1,1.75,3,14
2026-03-30,92.97,EUR,Iberia,0,110,2026-03-30 12:30:00,2026-03-30 15:20:00,CMN,MAD,2026-03-13 16:20:42.733825,unified-search,260330,Monday,17,1,1.83,3,14
2026-03-30,93.99,EUR,Royal Air Maroc,0,105,2026-03-30 16:25:00,2026-03-30 19:10:00,CMN,MAD,2026-03-13 16:20:42.733825,unified-search,260330,Monday,17,1,1.75,3,14
2026-03-30,61.0,EUR,Vueling Airlines,0,105,2026-03-30 17:55:00,2026-03-30 20:40:00,CMN,MAD,2026-03-13 16:20:42.733825,unified-search,260330,Monday,17,1,1.75,3,14
2026-03-30,100.0,EUR,Vueling Airlines,0,110,2026-03-30 12:30:00,2026-03-30 15:20:00,CMN,MAD,2026-03-13 16:20:42.733825,unified-search,260330,Monday,17,1,1.83,3,14
2026-03-30,120.97,EUR,Iberia,0,105,2026-03-30 09:50:00,2026-03-30 12:35:00,CMN,MAD,2026-03-13 16:20:42.733825,unified-search,260330,Monday,17,1,1.75,3,14
2026-03-30,224.99,EUR,Royal Air Maroc,0,110,2026-03-30 12:30:00,2026-03-30 15:20:00,CMN,MAD,2026-03-13 16:20:42.733825,unified-search,260330,Monday,17,1,1.83,3,14
2026-03-30,120.97,EUR,Iberia,0,105,2026-03-30 16:25:00,2026-03-30 19:10:00,CMN,MAD,2026-03-13 16:20:42.733825,unified-search,260330,Monday,17,1,1.75,3,14
2026-03-30,173.0,EUR,Royal Air Maroc,0,105,2026-03-30 17:55:00,2026-03-30 20:40:00,CMN,MAD,2026-03-13 16:20:42.733825,unified-search,260330,Monday,17,1,1.75,3,14
2026-03-31,56.97,EUR,Air Arabia Maroc,0,100,2026-03-31 18:45:00,2026-03-31 21:25:00,CMN,MAD,2026-03-13 16:20:57.541106,unified-search,260331,Tuesday,18,1,1.67,3,14
2026-03-31,93.99,EUR,Royal Air Maroc,0,105,2026-03-31 09:50:00,2026-03-31 12:35:00,CMN,MAD,2026-03-13 16:20:57.541106,unified-search,260331,Tuesday,18,1,1.75,3,14
2026-03-31,116.99,EUR,Royal Air Maroc,0,105,2026-03-31 16:25:00,2026-03-31 19:10:00,CMN,MAD,2026-03-13 16:20:57.541106,unified-search,260331,Tuesday,18,1,1.75,3,14
2026-03-31,120.97,EUR,Iberia,0,105,2026-03-31 09:50:00,2026-03-31 12:35:00,CMN,MAD,2026-03-13 16:20:57.541106,unified-search,260331,Tuesday,18,1,1.75,3,14
2026-03-31,120.97,EUR,Iberia,0,105,2026-03-31 16:25:00,2026-03-31 19:10:00,CMN,MAD,2026-03-13 16:20:57.541106,unified-search,260331,Tuesday,18,1,1.75,3,14
2026-03-31,310.97,EUR,Iberia,0,110,2026-03-31 12:30:00,2026-03-31 15:20:00,CMN,MAD,2026-03-13 16:20:57.541106,unified-search,260331,Tuesday,18,1,1.83,3,14
2026-03-31,442.0,EUR,Royal Air Maroc,0,110,2026-03-31 12:30:00,2026-03-31 15:20:00,CMN,MAD,2026-03-13 16:20:57.541106,unified-search,260331,Tuesday,18,1,1.83,3,14
2026-03-31,334.0,EUR,Vueling Airlines,0,110,2026-03-31 12:30:00,2026-03-31 15:20:00,CMN,MAD,2026-03-13 16:20:57.541106,unified-search,260331,Tuesday,18,1,1.83,3,14
2026-03-31,137.86,EUR,Air Arabia Maroc,1,265,2026-03-31 14:40:00,2026-03-31 20:05:00,CMN,MAD,2026-03-13 16:20:57.541106,unified-search,260331,Tuesday,18,0,4.42,3,14
2026-04-01,116.0,EUR,Royal Air Maroc,0,105,2026-04-01 09:50:00,2026-04-01 12:35:00,CMN,MAD,2026-03-13 16:21:06.502917,unified-search,260401,Wednesday,19,1,1.75,4,14
2026-04-01,142.97,EUR,Iberia,0,105,2026-04-01 17:55:00,2026-04-01 20:40:00,CMN,MAD,2026-03-13 16:21:06.502917,unified-search,260401,Wednesday,19,1,1.75,4,14
2026-04-01,162.0,EUR,Iberia,0,105,2026-04-01 09:50:00,2026-04-01 12:35:00,CMN,MAD,2026-03-13 16:21:06.502917,unified-search,260401,Wednesday,19,1,1.75,4,14
2026-04-01,187.27,EUR,Iberia,0,110,2026-04-01 12:30:00,2026-04-01 15:20:00,CMN,MAD,2026-03-13 16:21:06.502917,unified-search,260401,Wednesday,19,1,1.83,4,14
2026-04-01,154.0,EUR,Vueling Airlines,0,105,2026-04-01 17:55:00,2026-04-01 20:40:00,CMN,MAD,2026-03-13 16:21:06.502917,unified-search,260401,Wednesday,19,1,1.75,4,14
2026-04-01,340.0,EUR,Royal Air Maroc,0,110,2026-04-01 12:30:00,2026-04-01 15:20:00,CMN,MAD,2026-03-13 16:21:06.502917,unified-search,260401,Wednesday,19,1,1.83,4,14
2026-04-01,283.0,EUR,Royal Air Maroc,0,105,2026-04-01 17:55:00,2026-04-01 20:40:00,CMN,MAD,2026-03-13 16:21:06.502917,unified-search,260401,Wednesday,19,1,1.75,4,14
2026-04-01,290.0,EUR,Royal Air Maroc,0,105,2026-04-01 16:25:00,2026-04-01 19:10:00,CMN,MAD,2026-03-13 16:21:06.502917,unified-search,260401,Wednesday,19,1,1.75,4,14
2026-04-01,254.0,EUR,Vueling Airlines,0,110,2026-04-01 12:30:00,2026-04-01 15:20:00,CMN,MAD,2026-03-13 16:21:06.502917,unified-search,260401,Wednesday,19,1,1.83,4,14
2026-04-02,71.97,EUR,Air Arabia Maroc,0,100,2026-04-02 13:10:00,2026-04-02 15:50:00,CMN,MAD,2026-03-13 16:21:15.146298,unified-search,260402,Thursday,20,1,1.67,4,14
2026-04-02,145.99,EUR,Royal Air Maroc,0,105,2026-04-02 16:25:00,2026-04-02 19:10:00,CMN,MAD,2026-03-13 16:21:15.146298,unified-search,260402,Thursday,20,1,1.75,4,14
2026-04-02,98.97,EUR,Iberia,0,110,2026-04-02 12:30:00,2026-04-02 15:20:00,CMN,MAD,2026-03-13 16:21:15.146298,unified-search,260402,Thursday,20,1,1.83,4,14
2026-04-02,146.99,EUR,Royal Air Maroc,0,105,2026-04-02 09:50:00,2026-04-02 12:35:00,CMN,MAD,2026-03-13 16:21:15.146298,unified-search,260402,Thursday,20,1,1.75,4,14
2026-04-02,141.97,EUR,Iberia,0,105,2026-04-02 16:25:00,2026-04-02 19:10:00,CMN,MAD,2026-03-13 16:21:15.146298,unified-search,260402,Thursday,20,1,1.75,4,14
2026-04-02,158.97,EUR,Iberia,0,105,2026-04-02 09:50:00,2026-04-02 12:35:00,CMN,MAD,2026-03-13 16:21:15.146298,unified-search,260402,Thursday,20,1,1.75,4,14
2026-04-02,100.37,EUR,Vueling Airlines,0,110,2026-04-02 12:30:00,2026-04-02 15:20:00,CMN,MAD,2026-03-13 16:21:15.146298,unified-search,260402,Thursday,20,1,1.83,4,14
2026-04-02,252.0,EUR,Royal Air Maroc,0,110,2026-04-02 12:30:00,2026-04-02 15:20:00,CMN,MAD,2026-03-13 16:21:15.146298,unified-search,260402,Thursday,20,1,1.83,4,14
2026-04-02,724.97,EUR,Qatar Airways,0,110,2026-04-02 12:30:00,2026-04-02 15:20:00,CMN,MAD,2026-03-13 16:21:15.146298,unified-search,260402,Thursday,20,1,1.83,4,14
2026-04-02,135.99,EUR,TAP Air Portugal,1,370,2026-04-02 17:10:00,2026-04-03 00:20:00,CMN,MAD,2026-03-13 16:21:15.146298,unified-search,260402,Thursday,20,0,6.17,4,14
2026-04-03,177.81,EUR,Iberia,0,105,2026-04-03 17:55:00,2026-04-03 20:40:00,CMN,MAD,2026-03-13 16:21:25.535646,unified-search,260403,Friday,21,1,1.75,4,14
2026-04-03,181.97,EUR,Iberia,0,110,2026-04-03 12:30:00,2026-04-03 15:20:00,CMN,MAD,2026-03-13 16:21:25.535646,unified-search,260403,Friday,21,1,1.83,4,14
2026-04-03,185.0,EUR,Vueling Airlines,0,110,2026-04-03 12:30:00,2026-04-03 15:20:00,CMN,MAD,2026-03-13 16:21:25.535646,unified-search,260403,Friday,21,1,1.83,4,14
2026-04-03,223.99,EUR,Royal Air Maroc,0,105,2026-04-03 09:50:00,2026-04-03 12:35:00,CMN,MAD,2026-03-13 16:21:25.535646,unified-search,260403,Friday,21,1,1.75,4,14
2026-04-03,215.97,EUR,Iberia,0,105,2026-04-03 09:50:00,2026-04-03 12:35:00,CMN,MAD,2026-03-13 16:21:25.535646,unified-search,260403,Friday,21,1,1.75,4,14
2026-04-03,280.0,EUR,Royal Air Maroc,0,105,2026-04-03 16:25:00,2026-04-03 19:10:00,CMN,MAD,2026-03-13 16:21:25.535646,unified-search,260403,Friday,21,1,1.75,4,14
2026-04-03,218.0,EUR,Vueling Airlines,0,105,2026-04-03 17:55:00,2026-04-03 20:40:00,CMN,MAD,2026-03-13 16:21:25.535646,unified-search,260403,Friday,21,1,1.75,4,14
2026-04-03,331.53,EUR,Royal Air Maroc,0,110,2026-04-03 12:30:00,2026-04-03 15:20:00,CMN,MAD,2026-03-13 16:21:25.535646,unified-search,260403,Friday,21,1,1.83,4,14
2026-04-03,328.64,EUR,Royal Air Maroc,0,105,2026-04-03 17:55:00,2026-04-03 20:40:00,CMN,MAD,2026-03-13 16:21:25.535646,unified-search,260403,Friday,21,1,1.75,4,14
2026-04-03,353.97,EUR,Iberia,0,105,2026-04-03 16:25:00,2026-04-03 19:10:00,CMN,MAD,2026-03-13 16:21:25.535646,unified-search,260403,Friday,21,1,1.75,4,14
2026-04-04,299.0,EUR,Royal Air Maroc,0,105,2026-04-04 09:50:00,2026-04-04 12:35:00,CMN,MAD,2026-03-13 16:21:35.808896,unified-search,260404,Saturday,22,1,1.75,4,14
2026-04-04,320.0,EUR,Royal Air Maroc,0,105,2026-04-04 16:25:00,2026-04-04 19:10:00,CMN,MAD,2026-03-13 16:21:35.808896,unified-search,260404,Saturday,22,1,1.75,4,14
2026-04-04,318.79,EUR,Air Arabia Maroc,0,100,2026-04-04 13:10:00,2026-04-04 15:50:00,CMN,MAD,2026-03-13 16:21:35.808896,unified-search,260404,Saturday,22,1,1.67,4,14
2026-04-04,358.5,EUR,Iberia,0,105,2026-04-04 09:50:00,2026-04-04 12:35:00,CMN,MAD,2026-03-13 16:21:35.808896,unified-search,260404,Saturday,22,1,1.75,4,14
2026-04-04,404.27,EUR,Iberia,0,105,2026-04-04 16:25:00,2026-04-04 19:10:00,CMN,MAD,2026-03-13 16:21:35.808896,unified-search,260404,Saturday,22,1,1.75,4,14
2026-04-04,489.99,EUR,Iberia,0,110,2026-04-04 12:30:00,2026-04-04 15:20:00,CMN,MAD,2026-03-13 16:21:35.808896,unified-search,260404,Saturday,22,1,1.83,4,14
2026-04-04,247.99,EUR,TAP Air Portugal,1,270,2026-04-04 11:30:00,2026-04-04 17:00:00,CMN,MAD,2026-03-13 16:21:35.808896,unified-search,260404,Saturday,22,0,4.5,4,14
2026-04-04,230.0,EUR,Royal Air Maroc,1,275,2026-04-04 16:35:00,2026-04-04 22:10:00,CMN,MAD,2026-03-13 16:21:35.808896,unified-search,260404,Saturday,22,0,4.58,4,14
2026-04-04,277.99,EUR,Royal Air Maroc,1,245,2026-04-04 17:15:00,2026-04-04 22:20:00,CMN,MAD,2026-03-13 16:21:35.808896,unified-search,260404,Saturday,22,0,4.08,4,14
2026-04-04,210.0,EUR,TAP Air Portugal,2,580,2026-04-04 11:30:00,2026-04-04 22:10:00,CMN,MAD,2026-03-13 16:21:35.808896,unified-search,260404,Saturday,22,0,9.67,4,14
2026-04-05,320.0,EUR,Royal Air Maroc,0,105,2026-04-05 09:50:00,2026-04-05 12:35:00,CMN,MAD,2026-03-13 16:21:44.499196,unified-search,260405,Sunday,23,1,1.75,4,14
2026-04-05,489.0,EUR,Royal Air Maroc,0,105,2026-04-05 16:25:00,2026-04-05 19:10:00,CMN,MAD,2026-03-13 16:21:44.499196,unified-search,260405,Sunday,23,1,1.75,4,14
2026-04-05,232.99,EUR,Air Arabia Maroc,1,245,2026-04-05 13:10:00,2026-04-05 18:15:00,CMN,MAD,2026-03-13 16:21:44.499196,unified-search,260405,Sunday,23,0,4.08,4,14
2026-04-05,480.0,EUR,Iberia,0,110,2026-04-05 12:30:00,2026-04-05 15:20:00,CMN,MAD,2026-03-13 16:21:44.499196,unified-search,260405,Sunday,23,1,1.83,4,14
2026-04-05,489.99,EUR,Iberia,0,105,2026-04-05 17:55:00,2026-04-05 20:40:00,CMN,MAD,2026-03-13 16:21:44.499196,unified-search,260405,Sunday,23,1,1.75,4,14
2026-04-05,440.97,EUR,Iberia,0,105,2026-04-05 09:50:00,2026-04-05 12:35:00,CMN,MAD,2026-03-13 16:21:44.499196,unified-search,260405,Sunday,23,1,1.75,4,14
2026-04-05,215.0,EUR,Royal Air Maroc,1,680,2026-04-05 09:30:00,2026-04-05 21:50:00,CMN,MAD,2026-03-13 16:21:44.499196,unified-search,260405,Sunday,23,0,11.33,4,14
2026-04-05,378.99,EUR,Royal Air Maroc,1,245,2026-04-05 17:15:00,2026-04-05 22:20:00,CMN,MAD,2026-03-13 16:21:44.499196,unified-search,260405,Sunday,23,0,4.08,4,14
2026-04-05,389.72,EUR,Air Arabia Maroc,1,285,2026-04-05 13:10:00,2026-04-05 18:55:00,CMN,MAD,2026-03-13 16:21:44.499196,unified-search,260405,Sunday,23,0,4.75,4,14
2026-04-05,244.0,EUR,Royal Air Maroc,1,535,2026-04-05 23:10:00,2026-04-06 09:05:00,CMN,MAD,2026-03-13 16:21:44.499196,unified-search,260405,Sunday,23,0,8.92,4,14
2026-04-06,299.0,EUR,Royal Air Maroc,0,105,2026-04-06 09:50:00,2026-04-06 12:35:00,CMN,MAD,2026-03-13 16:21:54.709463,unified-search,260406,Monday,24,1,1.75,4,15
2026-04-06,367.0,EUR,Iberia,0,105,2026-04-06 17:55:00,2026-04-06 20:40:00,CMN,MAD,2026-03-13 16:21:54.709463,unified-search,260406,Monday,24,1,1.75,4,15
2026-04-06,366.85,EUR,Iberia,0,110,2026-04-06 12:30:00,2026-04-06 15:20:00,CMN,MAD,2026-03-13 16:21:54.709463,unified-search,260406,Monday,24,1,1.83,4,15
2026-04-06,384.0,EUR,Vueling Airlines,0,105,2026-04-06 17:55:00,2026-04-06 20:40:00,CMN,MAD,2026-03-13 16:21:54.709463,unified-search,260406,Monday,24,1,1.75,4,15
2026-04-06,384.0,EUR,Vueling Airlines,0,110,2026-04-06 12:30:00,2026-04-06 15:20:00,CMN,MAD,2026-03-13 16:21:54.709463,unified-search,260406,Monday,24,1,1.83,4,15
2026-04-06,500.0,EUR,Royal Air Maroc,0,105,2026-04-06 16:25:00,2026-04-06 19:10:00,CMN,MAD,2026-03-13 16:21:54.709463,unified-search,260406,Monday,24,1,1.75,4,15
2026-04-06,353.66,EUR,Iberia,0,105,2026-04-06 09:50:00,2026-04-06 12:35:00,CMN,MAD,2026-03-13 16:21:54.709463,unified-search,260406,Monday,24,1,1.75,4,15
2026-04-06,492.23,EUR,Royal Air Maroc,0,105,2026-04-06 17:55:00,2026-04-06 20:40:00,CMN,MAD,2026-03-13 16:21:54.709463,unified-search,260406,Monday,24,1,1.75,4,15
2026-04-06,143.0,EUR,Royal Air Maroc,2,780,2026-04-06 16:20:00,2026-04-07 06:20:00,CMN,MAD,2026-03-13 16:21:54.709463,unified-search,260406,Monday,24,0,13.0,4,15
2026-04-06,149.0,EUR,Royal Air Maroc,2,780,2026-04-06 16:20:00,2026-04-07 06:20:00,CMN,MAD,2026-03-13 16:21:54.709463,unified-search,260406,Monday,24,0,13.0,4,15
2026-04-07,145.97,EUR,Air Arabia Maroc,0,100,2026-04-07 18:45:00,2026-04-07 21:25:00,CMN,MAD,2026-03-13 16:22:02.951861,unified-search,260407,Tuesday,25,1,1.67,4,15
2026-04-07,199.0,EUR,Royal Air Maroc,0,105,2026-04-07 09:50:00,2026-04-07 12:35:00,CMN,MAD,2026-03-13 16:22:02.951861,unified-search,260407,Tuesday,25,1,1.75,4,15
2026-04-07,280.0,EUR,Royal Air Maroc,0,105,2026-04-07 16:25:00,2026-04-07 19:10:00,CMN,MAD,2026-03-13 16:22:02.951861,unified-search,260407,Tuesday,25,1,1.75,4,15
2026-04-07,265.0,EUR,Iberia,0,105,2026-04-07 09:50:00,2026-04-07 12:35:00,CMN,MAD,2026-03-13 16:22:02.951861,unified-search,260407,Tuesday,25,1,1.75,4,15
2026-04-07,306.97,EUR,Iberia,0,110,2026-04-07 12:30:00,2026-04-07 15:20:00,CMN,MAD,2026-03-13 16:22:02.951861,unified-search,260407,Tuesday,25,1,1.83,4,15
2026-04-07,334.0,EUR,Vueling Airlines,0,110,2026-04-07 12:30:00,2026-04-07 15:20:00,CMN,MAD,2026-03-13 16:22:02.951861,unified-search,260407,Tuesday,25,1,1.83,4,15
2026-04-07,446.97,EUR,Royal Air Maroc,0,110,2026-04-07 12:30:00,2026-04-07 15:20:00,CMN,MAD,2026-03-13 16:22:02.951861,unified-search,260407,Tuesday,25,1,1.83,4,15
2026-04-07,313.0,EUR,Iberia,0,105,2026-04-07 16:25:00,2026-04-07 19:10:00,CMN,MAD,2026-03-13 16:22:02.951861,unified-search,260407,Tuesday,25,1,1.75,4,15
2026-04-07,130.99,EUR,Air Arabia Maroc,1,265,2026-04-07 14:40:00,2026-04-07 20:05:00,CMN,MAD,2026-03-13 16:22:02.951861,unified-search,260407,Tuesday,25,0,4.42,4,15
2026-04-07,118.0,EUR,Royal Air Maroc,1,605,2026-04-07 09:55:00,2026-04-07 21:00:00,CMN,MAD,2026-03-13 16:22:02.951861,unified-search,260407,Tuesday,25,0,10.08,4,15
2026-04-08,70.97,EUR,Air Arabia Maroc,0,100,2026-04-08 15:05:00,2026-04-08 17:45:00,CMN,MAD,2026-03-13 16:22:15.628322,unified-search,260408,Wednesday,26,1,1.67,4,15
2026-04-08,112.97,EUR,Iberia,0,105,2026-04-08 17:55:00,2026-04-08 20:40:00,CMN,MAD,2026-03-13 16:22:15.628322,unified-search,260408,Wednesday,26,1,1.75,4,15
2026-04-08,198.1,EUR,Iberia,0,110,2026-04-08 12:30:00,2026-04-08 15:20:00,CMN,MAD,2026-03-13 16:22:15.628322,unified-search,260408,Wednesday,26,1,1.83,4,15
2026-04-08,124.0,EUR,Vueling Airlines,0,105,2026-04-08 17:55:00,2026-04-08 20:40:00,CMN,MAD,2026-03-13 16:22:15.628322,unified-search,260408,Wednesday,26,1,1.75,4,15
2026-04-08,320.0,EUR,Royal Air Maroc,0,105,2026-04-08 09:50:00,2026-04-08 12:35:00,CMN,MAD,2026-03-13 16:22:15.628322,unified-search,260408,Wednesday,26,1,1.75,4,15
2026-04-08,218.0,EUR,Vueling Airlines,0,110,2026-04-08 12:30:00,2026-04-08 15:20:00,CMN,MAD,2026-03-13 16:22:15.628322,unified-search,260408,Wednesday,26,1,1.83,4,15
2026-04-08,347.54,EUR,Royal Air Maroc,0,110,2026-04-08 12:30:00,2026-04-08 15:20:00,CMN,MAD,2026-03-13 16:22:15.628322,unified-search,260408,Wednesday,26,1,1.83,4,15
2026-04-08,250.53,EUR,Royal Air Maroc,0,105,2026-04-08 17:55:00,2026-04-08 20:40:00,CMN,MAD,2026-03-13 16:22:15.628322,unified-search,260408,Wednesday,26,1,1.75,4,15
2026-04-08,299.0,EUR,Royal Air Maroc,0,105,2026-04-08 16:25:00,2026-04-08 19:10:00,CMN,MAD,2026-03-13 16:22:15.628322,unified-search,260408,Wednesday,26,1,1.75,4,15
2026-04-08,575.99,EUR,Iberia,0,105,2026-04-08 09:50:00,2026-04-08 12:35:00,CMN,MAD,2026-03-13 16:22:15.628322,unified-search,260408,Wednesday,26,1,1.75,4,15
2026-04-09,98.97,EUR,Iberia,0,110,2026-04-09 12:30:00,2026-04-09 15:20:00,CMN,MAD,2026-03-13 16:22:27.760959,unified-search,260409,Thursday,27,1,1.83,4,15
2026-04-09,199.0,EUR,Royal Air Maroc,0,105,2026-04-09 16:25:00,2026-04-09 19:10:00,CMN,MAD,2026-03-13 16:22:27.760959,unified-search,260409,Thursday,27,1,1.75,4,15
2026-04-09,188.0,EUR,Iberia,0,105,2026-04-09 16:25:00,2026-04-09 19:10:00,CMN,MAD,2026-03-13 16:22:27.760959,unified-search,260409,Thursday,27,1,1.75,4,15
2026-04-09,252.0,EUR,Royal Air Maroc,0,105,2026-04-09 09:50:00,2026-04-09 12:35:00,CMN,MAD,2026-03-13 16:22:27.760959,unified-search,260409,Thursday,27,1,1.75,4,15
2026-04-09,102.0,EUR,Vueling Airlines,0,110,2026-04-09 12:30:00,2026-04-09 15:20:00,CMN,MAD,2026-03-13 16:22:27.760959,unified-search,260409,Thursday,27,1,1.83,4,15
2026-04-09,221.99,EUR,Royal Air Maroc,0,110,2026-04-09 12:30:00,2026-04-09 15:20:00,CMN,MAD,2026-03-13 16:22:27.760959,unified-search,260409,Thursday,27,1,1.83,4,15
2026-04-09,265.0,EUR,Iberia,0,105,2026-04-09 09:50:00,2026-04-09 12:35:00,CMN,MAD,2026-03-13 16:22:27.760959,unified-search,260409,Thursday,27,1,1.75,4,15
2026-04-09,110.0,EUR,Royal Air Maroc,1,245,2026-04-09 17:15:00,2026-04-09 22:20:00,CMN,MAD,2026-03-13 16:22:27.760959,unified-search,260409,Thursday,27,0,4.08,4,15
2026-04-09,133.99,EUR,TAP Air Portugal,1,370,2026-04-09 17:10:00,2026-04-10 00:20:00,CMN,MAD,2026-03-13 16:22:27.760959,unified-search,260409,Thursday,27,0,6.17,4,15
2026-04-10,92.97,EUR,Iberia,0,105,2026-04-10 17:55:00,2026-04-10 20:40:00,CMN,MAD,2026-03-13 16:22:38.439347,unified-search,260410,Friday,28,1,1.75,4,15
2026-04-10,179.97,EUR,Iberia,0,110,2026-04-10 12:30:00,2026-04-10 15:20:00,CMN,MAD,2026-03-13 16:22:38.439347,unified-search,260410,Friday,28,1,1.83,4,15
2026-04-10,102.0,EUR,Vueling Airlines,0,105,2026-04-10 17:55:00,2026-04-10 20:40:00,CMN,MAD,2026-03-13 16:22:38.439347,unified-search,260410,Friday,28,1,1.75,4,15
2026-04-10,252.0,EUR,Royal Air Maroc,0,105,2026-04-10 09:50:00,2026-04-10 12:35:00,CMN,MAD,2026-03-13 16:22:38.439347,unified-search,260410,Friday,28,1,1.75,4,15
2026-04-10,185.0,EUR,Vueling Airlines,0,110,2026-04-10 12:30:00,2026-04-10 15:20:00,CMN,MAD,2026-03-13 16:22:38.439347,unified-search,260410,Friday,28,1,1.83,4,15
2026-04-10,313.0,EUR,Royal Air Maroc,0,110,2026-04-10 12:30:00,2026-04-10 15:20:00,CMN,MAD,2026-03-13 16:22:38.439347,unified-search,260410,Friday,28,1,1.83,4,15
2026-04-10,298.97,EUR,Iberia,0,105,2026-04-10 09:50:00,2026-04-10 12:35:00,CMN,MAD,2026-03-13 16:22:38.439347,unified-search,260410,Friday,28,1,1.75,4,15
2026-04-10,252.0,EUR,Royal Air Maroc,0,105,2026-04-10 16:25:00,2026-04-10 19:10:00,CMN,MAD,2026-03-13 16:22:38.439347,unified-search,260410,Friday,28,1,1.75,4,15
2026-04-10,221.99,EUR,Royal Air Maroc,0,105,2026-04-10 17:55:00,2026-04-10 20:40:00,CMN,MAD,2026-03-13 16:22:38.439347,unified-search,260410,Friday,28,1,1.75,4,15
2026-04-10,352.97,EUR,Iberia,0,105,2026-04-10 16:25:00,2026-04-10 19:10:00,CMN,MAD,2026-03-13 16:22:38.439347,unified-search,260410,Friday,28,1,1.75,4,15
2026-04-11,78.99,EUR,Air Arabia Maroc,0,100,2026-04-11 13:10:00,2026-04-11 15:50:00,CMN,MAD,2026-03-13 16:22:48.199302,unified-search,260411,Saturday,29,1,1.67,4,15
2026-04-11,109.97,EUR,Iberia,0,110,2026-04-11 12:30:00,2026-04-11 15:20:00,CMN,MAD,2026-03-13 16:22:48.199302,unified-search,260411,Saturday,29,1,1.83,4,15
2026-04-11,144.99,EUR,Royal Air Maroc,0,105,2026-04-11 09:50:00,2026-04-11 12:35:00,CMN,MAD,2026-03-13 16:22:48.199302,unified-search,260411,Saturday,29,1,1.75,4,15
2026-04-11,135.97,EUR,Iberia,0,105,2026-04-11 09:50:00,2026-04-11 12:35:00,CMN,MAD,2026-03-13 16:22:48.199302,unified-search,260411,Saturday,29,1,1.75,4,15
2026-04-11,197.99,EUR,Royal Air Maroc,0,105,2026-04-11 16:25:00,2026-04-11 19:10:00,CMN,MAD,2026-03-13 16:22:48.199302,unified-search,260411,Saturday,29,1,1.75,4,15
2026-04-11,178.97,EUR,Iberia,0,105,2026-04-11 16:25:00,2026-04-11 19:10:00,CMN,MAD,2026-03-13 16:22:48.199302,unified-search,260411,Saturday,29,1,1.75,4,15
2026-04-11,124.0,EUR,Vueling Airlines,0,110,2026-04-11 12:30:00,2026-04-11 15:20:00,CMN,MAD,2026-03-13 16:22:48.199302,unified-search,260411,Saturday,29,1,1.83,4,15
2026-04-11,253.0,EUR,Royal Air Maroc,0,110,2026-04-11 12:30:00,2026-04-11 15:20:00,CMN,MAD,2026-03-13 16:22:48.199302,unified-search,260411,Saturday,29,1,1.83,4,15
2026-04-11,152.0,EUR,Royal Air Maroc,1,280,2026-04-11 17:15:00,2026-04-11 22:55:00,CMN,MAD,2026-03-13 16:22:48.199302,unified-search,260411,Saturday,29,0,4.67,4,15
2026-04-11,208.0,EUR,Iberia,1,280,2026-04-11 17:15:00,2026-04-11 22:55:00,CMN,MAD,2026-03-13 16:22:48.199302,unified-search,260411,Saturday,29,0,4.67,4,15
